Time Interval,Edge 1,Edge 2,Edge 3,Edge 4,Edge 5,Edge 6,Edge 7,Edge 8,Edge 9,Edge 10,Edge 11,Edge 12,Edge 13,Edge 14,Edge 15,Edge 16,Edge 17,Edge 18,Edge 19
2024-06-03 06:00:00 - 2024-06-03 06:05:00,12,7,1,3,0,0,3,2,4,0,1,0,10,1,1,4,5,2,10
2024-06-03 06:05:00 - 2024-06-03 06:10:00,16,11,2,2,0,0,10,2,2,1,1,1,7,0,0,4,1,2,8
2024-06-03 06:10:00 - 2024-06-03 06:15:00,12,8,3,2,2,0,11,4,3,1,2,1,6,2,1,2,2,1,7
2024-06-03 06:15:00 - 2024-06-03 06:20:00,16,9,2,3,3,0,7,3,3,0,1,0,6,1,1,5,4,2,6
2024-06-03 06:20:00 - 2024-06-03 06:25:00,16,12,2,1,0,0,10,3,5,1,3,3,6,1,2,1,3,1,8
2024-06-03 06:25:00 - 2024-06-03 06:30:00,13,8,5,3,1,0,6,6,8,0,2,0,4,2,2,2,7,2,6
2024-06-03 06:30:00 - 2024-06-03 06:35:00,16,12,2,1,4,0,9,3,4,1,1,2,5,1,0,6,4,2,12
2024-06-03 06:35:00 - 2024-06-03 06:40:00,28,18,9,4,0,0,9,9,6,3,3,3,8,3,0,3,6,1,13
2024-06-03 06:40:00 - 2024-06-03 06:45:00,26,18,7,2,2,0,4,7,10,1,1,0,10,2,0,5,5,2,9
2024-06-03 06:45:00 - 2024-06-03 06:50:00,30,18,10,6,4,0,9,9,14,5,6,1,6,2,1,5,8,2,9
2024-06-03 06:50:00 - 2024-06-03 06:55:00,39,24,8,6,4,0,10,7,6,7,9,2,9,1,2,8,8,4,15
2024-06-03 06:55:00 - 2024-06-03 07:00:00,31,18,8,6,5,0,12,10,11,5,5,4,8,5,0,6,8,2,13
2024-06-03 07:00:00 - 2024-06-03 07:05:00,39,27,6,3,0,0,13,7,12,1,2,2,8,3,1,4,11,2,11
2024-06-03 07:05:00 - 2024-06-03 07:10:00,32,21,9,3,6,0,16,12,11,2,3,4,12,6,1,5,12,2,15
2024-06-03 07:10:00 - 2024-06-03 07:15:00,37,25,8,3,6,0,10,10,12,7,9,3,14,5,2,9,9,4,17
2024-06-03 07:15:00 - 2024-06-03 07:20:00,38,22,9,7,4,0,15,9,14,8,15,3,13,2,7,7,15,5,21
2024-06-03 07:20:00 - 2024-06-03 07:25:00,26,16,11,4,2,0,14,11,7,3,6,1,9,3,3,8,12,4,15
2024-06-03 07:25:00 - 2024-06-03 07:30:00,36,23,10,5,1,0,15,9,17,3,3,4,21,1,0,8,11,3,17
2024-06-03 07:30:00 - 2024-06-03 07:35:00,27,15,8,6,3,0,7,9,12,5,8,6,9,3,3,3,11,2,27
2024-06-03 07:35:00 - 2024-06-03 07:40:00,36,24,9,4,5,0,17,9,14,3,5,1,11,3,2,5,6,3,20
2024-06-03 07:40:00 - 2024-06-03 07:45:00,47,30,11,6,5,0,15,12,17,3,8,5,12,5,5,4,25,3,26
2024-06-03 07:45:00 - 2024-06-03 07:50:00,49,33,9,4,2,0,28,12,27,8,9,6,15,6,1,3,21,2,31
2024-06-03 07:50:00 - 2024-06-03 07:55:00,30,21,10,2,5,0,15,10,14,6,11,0,17,3,5,13,17,6,26
2024-06-03 07:55:00 - 2024-06-03 08:00:00,37,25,6,3,2,0,11,6,17,7,12,9,9,2,5,13,10,6,19
2024-06-03 08:00:00 - 2024-06-03 08:05:00,41,24,8,7,6,0,19,9,21,7,10,4,11,4,3,4,24,3,21
2024-06-03 08:05:00 - 2024-06-03 08:10:00,32,24,10,1,14,0,20,8,19,10,12,7,16,0,2,11,21,5,29
2024-06-03 08:10:00 - 2024-06-03 08:15:00,41,30,13,2,1,0,15,14,14,11,15,10,14,5,4,7,15,4,20
2024-06-03 08:15:00 - 2024-06-03 08:20:00,47,27,7,9,6,0,16,12,24,8,14,6,12,8,6,10,15,6,25
2024-06-03 08:20:00 - 2024-06-03 08:25:00,34,24,11,2,4,0,20,12,18,11,14,2,22,5,3,15,20,6,27
2024-06-03 08:25:00 - 2024-06-03 08:30:00,34,23,8,3,3,0,26,9,23,8,14,5,19,3,6,7,18,5,30
2024-06-03 08:30:00 - 2024-06-03 08:35:00,47,30,10,6,3,0,28,12,26,3,6,3,19,6,3,10,12,5,29
2024-06-03 08:35:00 - 2024-06-03 08:40:00,47,33,12,3,2,0,15,14,21,2,6,4,9,6,4,6,20,4,34
2024-06-03 08:40:00 - 2024-06-03 08:45:00,52,30,12,9,4,0,11,12,30,4,6,2,11,4,2,9,27,4,23
2024-06-03 08:45:00 - 2024-06-03 08:50:00,43,30,8,3,8,0,24,16,21,10,19,3,15,13,9,16,21,9,21
2024-06-03 08:50:00 - 2024-06-03 08:55:00,32,20,10,5,5,0,20,14,17,13,16,9,17,8,3,8,15,4,28
2024-06-03 08:55:00 - 2024-06-03 09:00:00,55,35,8,7,7,0,18,12,22,11,16,9,12,8,5,9,16,5,17
2024-06-03 09:00:00 - 2024-06-03 09:05:00,42,24,18,9,8,0,18,21,22,8,12,6,21,10,4,14,20,6,30
2024-06-03 09:05:00 - 2024-06-03 09:10:00,44,24,20,9,4,0,23,22,21,6,11,6,15,9,5,4,17,3,26
2024-06-03 09:10:00 - 2024-06-03 09:15:00,45,30,8,4,4,0,15,10,24,7,9,6,11,5,2,6,22,3,32
2024-06-03 09:15:00 - 2024-06-03 09:20:00,63,38,10,10,2,0,19,13,21,4,9,6,14,7,5,10,25,5,34
2024-06-03 09:20:00 - 2024-06-03 09:25:00,42,26,14,6,10,0,23,18,31,8,14,8,10,10,6,7,23,5,27
2024-06-03 09:25:00 - 2024-06-03 09:30:00,52,36,3,4,6,0,12,9,22,7,10,5,11,8,3,6,19,3,36
2024-06-03 09:30:00 - 2024-06-03 09:35:00,53,32,22,9,5,0,19,22,33,8,14,2,8,7,6,7,22,5,27
2024-06-03 09:35:00 - 2024-06-03 09:40:00,39,24,7,6,5,0,23,9,23,7,10,4,13,5,3,11,32,5,37
2024-06-03 09:40:00 - 2024-06-03 09:45:00,39,20,31,10,5,0,18,30,29,4,18,5,12,8,14,9,31,8,30
2024-06-03 09:45:00 - 2024-06-03 09:50:00,61,35,12,12,3,0,10,11,30,6,8,1,8,2,2,4,18,2,42
2024-06-03 09:50:00 - 2024-06-03 09:55:00,48,32,7,5,7,0,17,13,39,3,7,9,16,10,4,18,33,8,31
2024-06-03 09:55:00 - 2024-06-03 10:00:00,73,45,18,11,8,0,28,21,26,10,14,19,15,9,4,9,30,5,40
2024-06-03 10:00:00 - 2024-06-03 10:05:00,54,33,11,8,15,0,21,14,30,13,18,6,21,7,5,11,39,6,51
2024-06-03 10:05:00 - 2024-06-03 10:10:00,44,30,9,4,8,0,34,16,26,5,11,6,13,12,6,8,37,5,37
2024-06-03 10:10:00 - 2024-06-03 10:15:00,50,33,13,6,12,0,24,18,34,9,20,13,21,11,11,7,29,6,23
2024-06-03 10:15:00 - 2024-06-03 10:20:00,44,27,12,6,8,0,22,20,28,10,14,8,15,14,4,9,35,5,26
2024-06-03 10:20:00 - 2024-06-03 10:25:00,55,34,18,8,6,0,17,21,28,7,10,10,11,10,3,9,43,4,44
2024-06-03 10:25:00 - 2024-06-03 10:30:00,55,33,12,9,3,0,16,16,30,7,10,5,9,9,3,9,31,4,49
2024-06-03 10:30:00 - 2024-06-03 10:35:00,58,33,14,11,10,0,19,17,33,6,9,9,6,8,3,4,22,3,34
2024-06-03 10:35:00 - 2024-06-03 10:40:00,60,36,14,9,14,0,16,15,26,10,22,7,10,5,12,8,33,7,33
2024-06-03 10:40:00 - 2024-06-03 10:45:00,56,36,9,7,11,0,30,15,32,10,14,6,24,11,4,20,34,8,51
2024-06-03 10:45:00 - 2024-06-03 10:50:00,57,33,19,10,7,0,21,21,35,15,20,8,10,9,5,12,26,6,45
2024-06-03 10:50:00 - 2024-06-03 10:55:00,45,27,12,7,4,0,15,21,23,8,14,7,14,16,6,7,34,5,45
2024-06-03 10:55:00 - 2024-06-03 11:00:00,56,36,10,6,7,0,18,15,30,10,18,10,12,9,8,9,42,6,42
2024-06-03 11:00:00 - 2024-06-03 11:05:00,46,29,12,6,8,0,13,18,33,10,18,9,12,11,8,7,36,5,45
2024-06-03 11:05:00 - 2024-06-03 11:10:00,54,38,9,3,7,0,28,13,38,9,16,5,15,8,7,11,28,6,45
2024-06-03 11:10:00 - 2024-06-03 11:15:00,60,41,20,5,11,0,16,23,40,12,21,7,16,10,9,11,32,7,48
2024-06-03 11:15:00 - 2024-06-03 11:20:00,66,38,15,12,5,0,22,21,30,6,22,12,18,12,16,6,49,8,47
2024-06-03 11:20:00 - 2024-06-03 11:25:00,43,27,14,6,7,0,17,18,30,9,17,9,16,10,8,12,38,7,48
2024-06-03 11:25:00 - 2024-06-03 11:30:00,53,33,10,7,11,0,22,14,33,9,15,6,16,8,6,12,32,6,57
2024-06-03 11:30:00 - 2024-06-03 11:35:00,62,37,19,10,7,0,25,23,34,9,17,5,13,11,8,11,32,7,50
2024-06-03 11:35:00 - 2024-06-03 11:40:00,59,37,16,8,12,0,33,24,26,8,11,5,21,15,3,13,45,6,46
2024-06-03 11:40:00 - 2024-06-03 11:45:00,56,31,15,12,6,0,22,22,28,11,20,3,19,14,9,16,32,9,45
2024-06-03 11:45:00 - 2024-06-03 11:50:00,59,39,11,6,12,0,21,15,21,19,26,6,16,8,7,12,28,7,51
2024-06-03 11:50:00 - 2024-06-03 11:55:00,72,48,8,7,10,0,29,12,44,12,22,12,15,7,10,10,28,7,37
2024-06-03 11:55:00 - 2024-06-03 12:00:00,66,42,25,8,8,0,30,26,40,14,24,14,21,9,10,14,30,8,56
2024-06-03 12:00:00 - 2024-06-03 12:05:00,53,29,20,12,11,0,31,21,27,11,21,9,20,7,10,15,38,9,50
2024-06-03 12:05:00 - 2024-06-03 12:10:00,59,39,21,6,9,0,18,21,29,18,30,12,21,7,12,17,37,10,63
2024-06-03 12:10:00 - 2024-06-03 12:15:00,68,45,15,7,13,0,14,17,46,20,25,9,19,7,5,10,45,5,50
2024-06-03 12:15:00 - 2024-06-03 12:20:00,57,35,14,9,8,0,20,23,28,10,20,3,13,16,10,9,46,7,51
2024-06-03 12:20:00 - 2024-06-03 12:25:00,65,41,14,9,9,0,16,18,52,5,10,6,15,10,5,13,35,6,47
2024-06-03 12:25:00 - 2024-06-03 12:30:00,61,40,12,6,6,0,18,21,34,7,20,9,18,15,13,16,35,10,48
2024-06-03 12:30:00 - 2024-06-03 12:35:00,47,28,9,8,10,0,26,14,27,9,17,6,20,9,8,15,43,8,49
2024-06-03 12:35:00 - 2024-06-03 12:40:00,67,44,19,7,5,0,22,21,38,7,15,3,21,9,8,13,47,7,41
2024-06-03 12:40:00 - 2024-06-03 12:45:00,70,48,10,5,6,0,22,18,44,11,17,8,16,14,6,10,42,6,58
2024-06-03 12:45:00 - 2024-06-03 12:50:00,89,57,21,11,6,0,22,25,48,9,15,9,18,12,6,14,35,7,61
2024-06-03 12:50:00 - 2024-06-03 12:55:00,64,43,11,6,4,0,18,21,48,7,20,10,14,17,13,12,49,9,58
2024-06-03 12:55:00 - 2024-06-03 13:00:00,65,41,23,9,5,0,23,24,35,8,17,3,24,9,9,13,48,8,57
2024-06-03 13:00:00 - 2024-06-03 13:05:00,60,41,18,5,12,0,18,24,56,10,20,9,17,13,10,18,51,10,70
2024-06-03 13:05:00 - 2024-06-03 13:10:00,71,50,17,4,7,0,19,24,36,10,21,8,25,14,11,18,45,10,65
2024-06-03 13:10:00 - 2024-06-03 13:15:00,66,43,14,7,5,0,36,20,53,8,13,6,23,12,5,17,41,8,63
2024-06-03 13:15:00 - 2024-06-03 13:20:00,54,36,13,6,8,0,20,21,26,11,17,11,15,14,6,13,45,7,59
2024-06-03 13:20:00 - 2024-06-03 13:25:00,52,35,14,5,7,0,17,16,35,11,21,6,19,7,10,15,32,9,56
2024-06-03 13:25:00 - 2024-06-03 13:30:00,77,48,20,10,5,0,18,21,41,10,16,7,22,8,6,15,34,7,60
2024-06-03 13:30:00 - 2024-06-03 13:35:00,74,46,13,10,12,0,30,16,34,12,26,10,22,8,14,11,50,9,63
2024-06-03 13:35:00 - 2024-06-03 13:40:00,70,49,14,4,9,0,32,20,47,17,27,4,20,12,10,10,47,7,66
2024-06-03 13:40:00 - 2024-06-03 13:45:00,46,30,14,6,9,0,18,18,29,15,27,5,16,9,12,11,38,8,59
2024-06-03 13:45:00 - 2024-06-03 13:50:00,54,33,14,8,11,0,25,16,29,13,21,3,17,7,8,10,29,6,50
2024-06-03 13:50:00 - 2024-06-03 13:55:00,80,54,11,6,3,0,27,13,49,5,8,10,20,6,3,12,46,5,46
2024-06-03 13:55:00 - 2024-06-03 14:00:00,65,39,18,10,5,0,25,19,30,7,11,9,11,7,4,5,39,3,49
2024-06-03 14:00:00 - 2024-06-03 14:05:00,48,30,14,6,6,0,25,19,34,6,17,4,20,11,11,10,24,7,51
2024-06-03 14:05:00 - 2024-06-03 14:10:00,65,42,14,8,3,0,41,18,35,4,15,2,25,9,11,14,32,9,51
2024-06-03 14:10:00 - 2024-06-03 14:15:00,51,29,13,10,5,0,21,14,29,7,18,5,19,5,11,13,51,8,51
2024-06-03 14:15:00 - 2024-06-03 14:20:00,63,42,13,6,7,0,16,17,30,8,21,7,22,9,13,10,39,8,55
2024-06-03 14:20:00 - 2024-06-03 14:25:00,66,43,10,7,7,0,28,18,37,13,23,9,17,13,10,9,45,7,58
2024-06-03 14:25:00 - 2024-06-03 14:30:00,65,41,16,9,6,0,20,23,38,16,18,14,13,14,2,10,44,4,51
2024-06-03 14:30:00 - 2024-06-03 14:35:00,60,39,20,6,4,0,21,23,41,9,16,7,13,10,7,10,52,6,52
2024-06-03 14:35:00 - 2024-06-03 14:40:00,68,42,16,10,8,0,26,19,33,6,11,7,15,9,5,16,38,7,63
2024-06-03 14:40:00 - 2024-06-03 14:45:00,68,39,22,12,6,0,38,27,38,8,10,10,18,14,2,14,37,6,61
2024-06-03 14:45:00 - 2024-06-03 14:50:00,65,40,22,9,6,0,15,24,45,14,21,9,16,9,7,12,43,7,57
2024-06-03 14:50:00 - 2024-06-03 14:55:00,75,48,9,9,9,0,18,12,53,4,12,5,11,6,8,14,40,8,45
2024-06-03 14:55:00 - 2024-06-03 15:00:00,50,32,14,6,5,0,26,16,39,6,13,3,19,7,7,9,50,6,62
2024-06-03 15:00:00 - 2024-06-03 15:05:00,51,33,14,6,0,0,30,19,35,3,12,6,15,11,9,14,36,8,60
2024-06-03 15:05:00 - 2024-06-03 15:10:00,62,39,14,9,4,0,23,20,32,9,15,3,13,12,6,8,37,5,40
2024-06-03 15:10:00 - 2024-06-03 15:15:00,62,42,13,5,0,0,16,15,41,2,5,3,9,6,3,8,31,4,34
2024-06-03 15:15:00 - 2024-06-03 15:20:00,43,29,13,4,2,0,17,13,20,6,9,8,12,4,3,5,33,3,46
2024-06-03 15:20:00 - 2024-06-03 15:25:00,49,28,18,9,5,0,15,21,29,3,6,5,8,10,3,3,32,2,39
2024-06-03 15:25:00 - 2024-06-03 15:30:00,73,49,16,6,8,0,17,19,35,10,12,4,11,9,2,9,42,4,29
2024-06-03 15:30:00 - 2024-06-03 15:35:00,55,33,13,9,5,0,19,13,29,9,14,7,10,4,5,4,46,3,47
2024-06-03 15:35:00 - 2024-06-03 15:40:00,83,57,15,6,4,0,40,20,31,9,18,6,21,11,9,15,41,8,58
2024-06-03 15:40:00 - 2024-06-03 15:45:00,58,39,10,5,4,0,21,13,49,9,15,7,10,7,6,8,45,5,74
2024-06-03 15:45:00 - 2024-06-03 15:50:00,58,33,18,12,5,0,18,18,28,6,10,2,18,5,4,13,45,6,52
2024-06-03 15:50:00 - 2024-06-03 15:55:00,78,45,25,14,4,0,19,22,33,7,10,6,20,4,3,11,35,5,53
2024-06-03 15:55:00 - 2024-06-03 16:00:00,64,40,21,9,5,0,30,23,30,10,15,7,23,9,5,15,35,7,55
2024-06-03 16:00:00 - 2024-06-03 16:05:00,84,47,27,17,9,0,28,29,34,11,15,3,27,11,4,21,34,9,48
2024-06-03 16:05:00 - 2024-06-03 16:10:00,86,56,19,9,3,0,30,24,39,11,20,9,18,13,9,12,43,7,55
2024-06-03 16:10:00 - 2024-06-03 16:15:00,61,34,28,12,6,0,28,31,34,9,20,5,28,13,11,20,60,11,69
2024-06-03 16:15:00 - 2024-06-03 16:20:00,72,43,22,12,6,0,31,26,32,8,15,5,19,12,7,12,35,7,63
2024-06-03 16:20:00 - 2024-06-03 16:25:00,61,37,10,9,3,0,25,11,22,6,17,3,14,4,11,8,42,7,56
2024-06-03 16:25:00 - 2024-06-03 16:30:00,75,51,10,6,5,0,27,15,38,14,20,12,18,10,6,5,29,4,57
2024-06-03 16:30:00 - 2024-06-03 16:35:00,73,45,14,11,7,0,27,15,40,5,13,14,25,5,8,17,49,9,72
2024-06-03 16:35:00 - 2024-06-03 16:40:00,96,59,11,14,8,0,37,15,31,14,23,11,23,9,9,17,35,9,65
2024-06-03 16:40:00 - 2024-06-03 16:45:00,82,50,23,12,7,0,42,24,44,6,14,8,22,9,8,12,55,7,72
2024-06-03 16:45:00 - 2024-06-03 16:50:00,95,60,20,12,16,0,24,23,40,8,10,7,22,10,2,16,57,6,76
2024-06-03 16:50:00 - 2024-06-03 16:55:00,103,63,14,15,11,0,42,20,37,13,19,7,32,12,6,22,40,10,70
2024-06-03 16:55:00 - 2024-06-03 17:00:00,86,51,18,14,7,0,43,23,35,11,22,10,31,12,11,30,42,14,70
2024-06-03 17:00:00 - 2024-06-03 17:05:00,103,58,17,20,5,0,35,24,34,11,22,12,40,14,11,31,55,14,55
2024-06-03 17:05:00 - 2024-06-03 17:10:00,105,65,18,15,9,0,41,29,47,12,23,11,34,20,11,17,56,10,75
2024-06-03 17:10:00 - 2024-06-03 17:15:00,99,54,28,21,11,0,59,29,41,12,23,11,47,10,11,40,45,17,89
2024-06-03 17:15:00 - 2024-06-03 17:20:00,105,64,19,15,12,0,54,22,47,12,15,15,40,10,3,30,47,11,57
2024-06-03 17:20:00 - 2024-06-03 17:25:00,98,57,27,17,10,0,58,32,59,8,17,7,44,15,9,23,70,11,87
2024-06-03 17:25:00 - 2024-06-03 17:30:00,115,66,26,21,11,0,49,34,37,11,18,12,49,19,7,36,65,15,74
2024-06-03 17:30:00 - 2024-06-03 17:35:00,107,61,22,20,9,0,58,31,44,13,16,23,43,19,3,32,45,12,81
2024-06-03 17:35:00 - 2024-06-03 17:40:00,119,68,34,22,12,0,53,38,47,18,29,14,49,16,11,34,58,15,73
2024-06-03 17:40:00 - 2024-06-03 17:45:00,117,68,23,21,21,0,46,27,59,11,21,19,40,13,10,27,70,13,82
2024-06-03 17:45:00 - 2024-06-03 17:50:00,125,73,26,21,18,0,61,30,50,13,26,17,46,13,13,29,64,14,100
2024-06-03 17:50:00 - 2024-06-03 17:55:00,113,66,26,19,11,0,56,33,50,12,24,8,44,17,12,25,63,13,91
2024-06-03 17:55:00 - 2024-06-03 18:00:00,119,73,23,17,6,0,57,25,56,13,24,14,54,10,11,38,54,17,100
2024-06-04 06:00:00 - 2024-06-04 06:05:00,10,6,4,2,0,0,6,3,3,2,3,0,7,0,1,3,4,2,7
2024-06-04 06:05:00 - 2024-06-04 06:10:00,15,9,2,3,0,0,6,2,5,2,3,2,7,0,1,2,7,1,10
2024-06-04 06:10:00 - 2024-06-04 06:15:00,14,10,2,1,0,0,9,3,4,3,3,1,6,1,0,1,1,1,14
2024-06-04 06:15:00 - 2024-06-04 06:20:00,16,12,3,1,2,0,6,3,9,1,5,0,7,1,4,2,6,2,12
2024-06-04 06:20:00 - 2024-06-04 06:25:00,13,9,4,1,1,0,9,3,6,1,1,2,5,0,0,5,5,2,6
2024-06-04 06:25:00 - 2024-06-04 06:30:00,16,12,7,0,1,0,5,6,6,0,0,2,1,0,0,0,3,0,12
2024-06-04 06:30:00 - 2024-06-04 06:35:00,28,19,8,3,2,0,4,9,10,3,5,0,10,3,2,3,10,2,14
2024-06-04 06:35:00 - 2024-06-04 06:40:00,18,12,11,3,7,0,6,11,4,6,6,1,6,3,0,4,6,2,14
2024-06-04 06:40:00 - 2024-06-04 06:45:00,34,24,15,2,1,0,5,15,15,2,4,2,2,4,2,1,14,1,12
2024-06-04 06:45:00 - 2024-06-04 06:50:00,39,27,11,3,4,0,10,9,15,1,5,5,9,1,4,9,8,5,15
2024-06-04 06:50:00 - 2024-06-04 06:55:00,43,28,13,5,8,0,16,15,12,12,14,6,11,6,2,6,16,3,29
2024-06-04 06:55:00 - 2024-06-04 07:00:00,55,38,22,4,6,0,15,21,15,8,10,3,10,5,2,5,10,3,26
2024-06-04 07:00:00 - 2024-06-04 07:05:00,41,28,17,3,7,0,14,17,26,3,6,5,9,5,3,13,13,6,32
2024-06-04 07:05:00 - 2024-06-04 07:10:00,48,31,19,6,4,0,14,21,22,0,4,3,15,9,4,12,23,6,55
2024-06-04 07:10:00 - 2024-06-04 07:15:00,46,29,21,6,5,0,20,22,21,6,8,6,12,8,2,8,23,4,62
2024-06-04 07:15:00 - 2024-06-04 07:20:00,52,36,21,3,3,0,21,20,16,3,6,5,14,5,3,10,19,5,49
2024-06-04 07:20:00 - 2024-06-04 07:25:00,51,34,20,5,8,0,18,27,30,6,7,3,25,15,1,13,21,5,66
2024-06-04 07:25:00 - 2024-06-04 07:30:00,70,49,24,4,4,0,18,23,30,2,6,4,17,6,4,9,28,5,62
2024-06-04 07:30:00 - 2024-06-04 07:35:00,56,39,27,4,4,0,19,27,29,9,14,5,15,9,5,7,30,4,51
2024-06-04 07:35:00 - 2024-06-04 07:40:00,69,47,32,6,5,0,23,31,41,5,10,7,18,9,5,10,32,5,65
2024-06-04 07:40:00 - 2024-06-04 07:45:00,55,32,32,10,2,0,23,30,26,6,8,8,20,7,2,12,26,5,60
2024-06-04 07:45:00 - 2024-06-04 07:50:00,69,45,47,8,11,0,14,48,25,9,15,8,13,16,6,10,28,6,53
2024-06-04 07:50:00 - 2024-06-04 07:55:00,66,41,39,9,10,0,18,33,29,15,19,11,15,5,4,7,25,4,36
2024-06-04 07:55:00 - 2024-06-04 08:00:00,64,43,40,6,16,0,21,38,19,18,22,10,17,10,4,11,23,5,38
2024-06-04 08:00:00 - 2024-06-04 08:05:00,60,41,50,5,10,0,21,46,26,10,13,8,14,11,3,4,16,3,33
2024-06-04 08:05:00 - 2024-06-04 08:10:00,82,54,24,9,15,0,21,24,30,11,21,6,19,7,10,12,32,8,42
2024-06-04 08:10:00 - 2024-06-04 08:15:00,62,39,37,8,14,0,21,39,24,16,17,10,19,15,1,9,31,4,36
2024-06-04 08:15:00 - 2024-06-04 08:20:00,85,55,41,9,13,0,36,39,16,15,23,11,18,10,8,16,21,8,42
2024-06-04 08:20:00 - 2024-06-04 08:25:00,82,49,52,13,21,0,35,52,30,14,18,13,25,17,4,17,13,7,32
2024-06-04 08:25:00 - 2024-06-04 08:30:00,102,67,53,10,13,0,25,45,25,21,28,16,16,6,7,11,27,6,24
2024-06-04 08:30:00 - 2024-06-04 08:35:00,84,57,37,6,23,0,29,41,40,20,24,12,14,17,4,9,32,5,31
2024-06-04 08:35:00 - 2024-06-04 08:40:00,103,72,53,6,16,0,29,49,32,15,26,20,17,12,11,6,25,6,32
2024-06-04 08:40:00 - 2024-06-04 08:45:00,60,36,46,9,13,0,21,45,34,10,16,10,15,13,6,7,17,5,32
2024-06-04 08:45:00 - 2024-06-04 08:50:00,101,63,48,13,15,0,33,43,33,12,20,15,18,9,8,17,29,9,34
2024-06-04 08:50:00 - 2024-06-04 08:55:00,65,40,47,9,14,0,28,43,39,19,21,15,17,10,2,8,37,4,34
2024-06-04 08:55:00 - 2024-06-04 09:00:00,96,64,45,9,23,0,22,38,33,22,25,13,8,5,3,14,26,6,28
2024-06-04 09:00:00 - 2024-06-04 09:05:00,73,45,38,11,18,0,27,36,29,13,15,11,23,9,2,12,26,5,40
2024-06-04 09:05:00 - 2024-06-04 09:10:00,77,51,30,7,23,0,26,33,25,22,26,11,18,14,4,13,23,6,29
2024-06-04 09:10:00 - 2024-06-04 09:15:00,52,36,34,3,17,0,30,33,27,13,19,16,11,9,6,10,25,6,36
2024-06-04 09:15:00 - 2024-06-04 09:20:00,51,33,26,6,9,0,27,30,23,10,21,9,17,14,11,14,23,9,36
2024-06-04 09:20:00 - 2024-06-04 09:25:00,61,41,20,6,19,0,22,24,32,15,21,8,23,11,6,13,21,7,31
2024-06-04 09:25:00 - 2024-06-04 09:30:00,77,50,38,9,20,0,29,37,26,14,26,14,17,11,12,17,26,10,35
2024-06-04 09:30:00 - 2024-06-04 09:35:00,58,36,32,9,14,0,16,37,27,22,28,11,21,17,6,14,34,7,28
2024-06-04 09:35:00 - 2024-06-04 09:40:00,82,51,27,12,23,0,22,33,32,19,26,13,11,16,7,8,30,5,37
2024-06-04 09:40:00 - 2024-06-04 09:45:00,64,37,38,12,11,0,27,41,34,13,19,13,17,16,6,10,30,6,40
2024-06-04 09:45:00 - 2024-06-04 09:50:00,78,48,39,11,8,0,21,36,35,16,23,9,20,8,7,15,29,8,38
2024-06-04 09:50:00 - 2024-06-04 09:55:00,60,37,27,9,8,0,17,31,39,9,21,15,17,14,12,12,42,8,42
2024-06-04 09:55:00 - 2024-06-04 10:00:00,65,45,30,5,23,0,23,28,30,15,25,9,20,7,10,14,28,8,51
2024-06-04 10:00:00 - 2024-06-04 10:05:00,63,43,23,5,12,0,20,27,37,16,21,19,10,12,5,9,27,5,38
2024-06-04 10:05:00 - 2024-06-04 10:10:00,63,45,21,3,14,0,22,24,41,9,14,12,18,10,5,10,37,5,40
2024-06-04 10:10:00 - 2024-06-04 10:15:00,56,38,21,5,12,0,26,23,39,12,20,9,11,9,8,10,39,6,41
2024-06-04 10:15:00 - 2024-06-04 10:20:00,76,48,23,9,9,0,22,23,34,13,19,6,13,7,6,15,34,7,47
2024-06-04 10:20:00 - 2024-06-04 10:25:00,54,33,24,9,20,0,24,25,35,19,28,12,19,9,9,10,38,7,41
2024-06-04 10:25:00 - 2024-06-04 10:30:00,60,38,34,8,15,0,26,36,27,10,14,6,11,13,4,8,36,4,33
2024-06-04 10:30:00 - 2024-06-04 10:35:00,44,27,31,7,7,0,21,35,26,16,20,9,11,15,4,6,34,4,51
2024-06-04 10:35:00 - 2024-06-04 10:40:00,73,48,35,8,17,0,23,36,41,12,19,11,15,12,7,6,28,5,38
2024-06-04 10:40:00 - 2024-06-04 10:45:00,67,38,29,13,19,0,23,33,37,15,24,7,16,15,9,7,36,6,44
2024-06-04 10:45:00 - 2024-06-04 10:50:00,57,34,27,9,7,0,21,30,25,10,15,10,13,13,5,13,33,6,33
2024-06-04 10:50:00 - 2024-06-04 10:55:00,58,36,32,9,18,0,34,36,42,19,24,9,16,16,5,12,35,6,42
2024-06-04 10:55:00 - 2024-06-04 11:00:00,62,42,33,6,11,0,23,37,26,19,27,13,17,16,8,19,43,9,57
2024-06-04 11:00:00 - 2024-06-04 11:05:00,71,45,23,9,19,0,28,27,57,24,30,7,17,13,6,7,37,5,44
2024-06-04 11:05:00 - 2024-06-04 11:10:00,68,39,41,12,14,0,24,41,39,19,24,12,24,13,5,17,42,8,40
2024-06-04 11:10:00 - 2024-06-04 11:15:00,52,32,29,8,9,0,31,32,31,13,25,16,23,13,12,14,43,9,45
2024-06-04 11:15:00 - 2024-06-04 11:20:00,63,41,20,7,9,0,25,26,48,14,22,8,20,14,8,11,34,7,52
2024-06-04 11:20:00 - 2024-06-04 11:25:00,64,39,21,10,10,0,18,28,35,12,23,9,15,16,11,9,45,7,52
2024-06-04 11:25:00 - 2024-06-04 11:30:00,66,40,33,10,9,0,18,40,32,14,21,9,16,20,7,11,57,6,56
2024-06-04 11:30:00 - 2024-06-04 11:35:00,59,36,30,9,11,0,24,29,51,21,29,14,18,8,8,20,39,10,46
2024-06-04 11:35:00 - 2024-06-04 11:40:00,67,41,39,10,11,0,42,44,39,14,24,13,18,19,10,11,49,7,60
2024-06-04 11:40:00 - 2024-06-04 11:45:00,59,33,48,12,17,0,28,53,56,18,29,10,17,22,11,17,39,10,53
2024-06-04 11:45:00 - 2024-06-04 11:50:00,74,46,43,10,21,0,23,41,34,38,45,11,16,11,7,10,58,6,62
2024-06-04 11:50:00 - 2024-06-04 11:55:00,80,50,44,11,11,0,23,45,59,18,28,23,17,16,10,14,48,8,63
2024-06-04 11:55:00 - 2024-06-04 12:00:00,70,39,40,14,15,0,35,48,40,22,36,11,32,23,14,20,41,12,60
2024-06-04 12:00:00 - 2024-06-04 12:05:00,70,39,33,14,19,0,22,36,44,15,28,12,18,14,13,16,52,10,81
2024-06-04 12:05:00 - 2024-06-04 12:10:00,69,41,37,12,6,0,31,41,51,18,37,19,28,17,19,20,62,13,88
2024-06-04 12:10:00 - 2024-06-04 12:15:00,68,38,44,14,13,0,25,48,43,16,22,4,20,20,6,14,42,7,66
2024-06-04 12:15:00 - 2024-06-04 12:20:00,78,49,35,10,22,0,17,39,39,28,35,7,18,16,7,9,48,6,74
2024-06-04 12:20:00 - 2024-06-04 12:25:00,81,54,41,8,23,0,32,42,57,25,34,16,23,14,9,19,49,10,56
2024-06-04 12:25:00 - 2024-06-04 12:30:00,94,55,24,16,16,0,27,24,50,26,33,9,23,7,7,18,57,9,62
2024-06-04 12:30:00 - 2024-06-04 12:35:00,46,33,34,3,12,0,33,36,33,30,42,20,24,14,12,18,48,10,61
2024-06-04 12:35:00 - 2024-06-04 12:40:00,69,49,33,3,14,0,21,41,48,18,25,15,14,21,7,8,53,5,62
2024-06-04 12:40:00 - 2024-06-04 12:45:00,74,46,31,10,16,0,37,37,41,16,30,9,22,18,14,30,47,15,65
2024-06-04 12:45:00 - 2024-06-04 12:50:00,87,56,37,10,16,0,24,37,41,26,33,15,26,12,7,26,59,11,56
2024-06-04 12:50:00 - 2024-06-04 12:55:00,75,45,34,12,20,0,30,42,64,21,37,17,30,21,16,13,39,10,50
2024-06-04 12:55:00 - 2024-06-04 13:00:00,81,50,32,12,18,0,31,34,44,20,30,14,25,13,10,25,51,12,53
2024-06-04 13:00:00 - 2024-06-04 13:05:00,72,47,42,8,18,0,31,45,42,19,31,14,23,17,12,18,60,10,55
2024-06-04 13:05:00 - 2024-06-04 13:10:00,90,57,44,11,19,0,29,44,46,22,35,14,37,14,13,21,52,12,65
2024-06-04 13:10:00 - 2024-06-04 13:15:00,69,45,39,7,13,0,32,41,47,22,33,17,21,15,11,16,45,9,67
2024-06-04 13:15:00 - 2024-06-04 13:20:00,84,53,36,11,10,0,24,39,44,22,38,17,26,16,16,8,47,8,63
2024-06-04 13:20:00 - 2024-06-04 13:25:00,70,42,27,11,23,0,33,34,33,25,35,15,21,18,10,16,51,9,63
2024-06-04 13:25:00 - 2024-06-04 13:30:00,63,36,35,12,24,0,24,34,40,26,35,17,23,10,9,22,35,11,58
2024-06-04 13:30:00 - 2024-06-04 13:35:00,61,35,35,12,13,0,22,31,39,24,39,18,18,6,15,8,40,8,59
2024-06-04 13:35:00 - 2024-06-04 13:40:00,60,37,41,9,12,0,21,42,37,23,30,4,20,14,7,18,39,9,52
2024-06-04 13:40:00 - 2024-06-04 13:45:00,73,41,26,15,16,0,27,33,33,31,39,7,20,17,8,10,39,6,45
2024-06-04 13:45:00 - 2024-06-04 13:50:00,90,57,35,11,15,0,25,44,52,16,21,20,22,23,5,14,61,7,66
2024-06-04 13:50:00 - 2024-06-04 13:55:00,58,36,27,8,9,0,25,33,65,29,35,7,18,16,6,13,45,7,58
2024-06-04 13:55:00 - 2024-06-04 14:00:00,73,43,30,12,6,0,27,31,39,16,25,12,26,11,9,16,58,9,59
2024-06-04 14:00:00 - 2024-06-04 14:05:00,66,39,27,12,15,0,22,33,40,19,28,17,15,16,9,8,59,6,45
2024-06-04 14:05:00 - 2024-06-04 14:10:00,70,47,23,6,19,0,23,29,37,13,18,7,16,15,5,7,45,4,67
2024-06-04 14:10:00 - 2024-06-04 14:15:00,48,28,26,9,17,0,26,33,29,21,29,9,11,18,8,8,41,6,56
2024-06-04 14:15:00 - 2024-06-04 14:20:00,83,51,29,12,9,0,31,25,41,15,23,14,27,4,8,19,40,9,43
2024-06-04 14:20:00 - 2024-06-04 14:25:00,52,32,34,8,10,0,20,35,41,18,28,6,10,12,10,11,52,7,64
2024-06-04 14:25:00 - 2024-06-04 14:30:00,85,48,49,17,17,0,29,50,33,16,28,7,14,17,12,9,35,7,51
2024-06-04 14:30:00 - 2024-06-04 14:35:00,69,39,38,14,17,0,15,39,44,22,31,8,14,14,9,8,48,6,51
2024-06-04 14:35:00 - 2024-06-04 14:40:00,88,54,30,13,13,0,32,34,44,17,27,9,28,15,10,11,56,7,62
2024-06-04 14:40:00 - 2024-06-04 14:45:00,63,39,23,9,16,0,16,28,38,10,16,13,20,14,6,13,46,7,72
2024-06-04 14:45:00 - 2024-06-04 14:50:00,65,39,33,10,9,0,23,28,39,17,25,10,10,4,8,10,40,6,51
2024-06-04 14:50:00 - 2024-06-04 14:55:00,48,25,27,12,7,0,27,27,28,14,21,9,25,8,7,10,41,6,58
2024-06-04 14:55:00 - 2024-06-04 15:00:00,60,42,25,3,9,0,24,25,40,11,22,8,23,8,11,6,46,6,55
2024-06-04 15:00:00 - 2024-06-04 15:05:00,79,52,22,8,10,0,35,24,52,14,22,13,30,10,8,9,56,6,71
2024-06-04 15:05:00 - 2024-06-04 15:10:00,69,42,32,10,13,0,25,36,31,18,28,10,21,16,10,11,41,7,68
2024-06-04 15:10:00 - 2024-06-04 15:15:00,81,49,32,12,19,0,39,32,46,24,35,8,28,10,11,19,32,10,55
2024-06-04 15:15:00 - 2024-06-04 15:20:00,84,51,28,12,7,0,27,29,53,22,30,7,17,10,8,6,58,5,53
2024-06-04 15:20:00 - 2024-06-04 15:25:00,55,33,31,9,14,0,24,30,47,23,30,9,19,9,7,11,49,6,58
2024-06-04 15:25:00 - 2024-06-04 15:30:00,88,57,31,9,12,0,22,30,37,17,21,13,21,8,4,13,39,6,61
2024-06-04 15:30:00 - 2024-06-04 15:35:00,51,32,31,7,13,0,28,34,40,22,30,15,21,14,8,15,49,8,53
2024-06-04 15:35:00 - 2024-06-04 15:40:00,79,48,37,12,13,0,33,35,44,15,20,16,25,9,5,17,60,8,56
2024-06-04 15:40:00 - 2024-06-04 15:45:00,55,34,33,8,9,0,39,34,28,25,36,11,18,12,11,16,39,9,61
2024-06-04 15:45:00 - 2024-06-04 15:50:00,70,43,30,10,12,0,26,36,33,18,25,8,25,18,7,13,39,7,56
2024-06-04 15:50:00 - 2024-06-04 15:55:00,61,34,43,12,3,0,24,42,46,20,28,13,27,13,8,19,43,9,65
2024-06-04 15:55:00 - 2024-06-04 16:00:00,89,55,52,12,15,0,22,53,41,19,25,9,22,18,6,17,58,8,54
2024-06-04 16:00:00 - 2024-06-04 16:05:00,85,50,41,15,8,0,39,42,52,18,27,11,28,15,9,17,49,9,71
2024-06-04 16:05:00 - 2024-06-04 16:10:00,99,60,42,15,11,0,33,41,58,18,24,9,27,12,6,18,42,8,82
2024-06-04 16:10:00 - 2024-06-04 16:15:00,72,42,30,13,17,0,42,33,51,19,32,10,42,14,13,22,53,12,78
2024-06-04 16:15:00 - 2024-06-04 16:20:00,90,54,35,14,7,0,32,39,39,24,32,17,23,16,8,11,76,7,81
2024-06-04 16:20:00 - 2024-06-04 16:25:00,73,44,32,12,15,0,33,36,44,22,30,13,22,15,8,17,54,9,80
2024-06-04 16:25:00 - 2024-06-04 16:30:00,120,75,43,16,8,0,37,42,63,20,30,15,29,12,10,15,71,9,99
2024-06-04 16:30:00 - 2024-06-04 16:35:00,89,52,60,15,17,0,43,60,56,21,26,17,39,20,5,23,56,10,126
2024-06-04 16:35:00 - 2024-06-04 16:40:00,123,68,65,25,24,0,57,59,56,34,44,17,50,13,10,36,80,16,102
2024-06-04 16:40:00 - 2024-06-04 16:45:00,109,63,86,20,23,0,41,81,63,25,35,15,41,22,10,29,72,13,105
2024-06-04 16:45:00 - 2024-06-04 16:50:00,124,76,72,18,13,0,45,71,66,26,34,14,35,22,8,32,69,14,113
2024-06-04 16:50:00 - 2024-06-04 16:55:00,121,64,72,27,14,0,52,66,78,21,35,12,24,15,14,31,86,15,105
2024-06-04 16:55:00 - 2024-06-04 17:00:00,136,79,65,24,12,0,52,65,63,27,35,14,33,21,8,17,74,9,122
2024-06-04 17:00:00 - 2024-06-04 17:05:00,102,58,57,19,9,0,26,54,57,17,21,7,35,15,4,16,45,7,71
2024-06-04 17:05:00 - 2024-06-04 17:10:00,98,56,49,18,6,0,33,47,56,8,16,5,21,13,8,16,76,8,66
2024-06-04 17:10:00 - 2024-06-04 17:15:00,88,51,45,15,3,0,22,42,49,5,10,7,15,10,5,12,59,6,69
2024-06-04 17:15:00 - 2024-06-04 17:20:00,75,42,40,15,7,0,26,37,62,14,19,7,22,9,5,12,43,6,65
2024-06-04 17:20:00 - 2024-06-04 17:25:00,66,37,49,13,5,0,23,49,39,8,16,5,23,16,8,12,79,7,61
2024-06-04 17:25:00 - 2024-06-04 17:30:00,65,39,35,10,6,0,17,34,31,5,9,1,16,10,4,19,45,8,63
2024-06-04 17:30:00 - 2024-06-04 17:35:00,60,33,47,12,3,0,21,42,29,14,17,10,13,8,3,11,37,5,48
2024-06-04 17:35:00 - 2024-06-04 17:40:00,76,45,46,12,4,0,20,42,50,10,16,12,18,9,6,11,47,6,59
2024-06-04 17:40:00 - 2024-06-04 17:45:00,81,46,48,15,5,0,23,46,36,18,28,8,22,13,10,11,45,7,69
2024-06-04 17:45:00 - 2024-06-04 17:50:00,85,45,40,19,8,0,28,38,50,18,24,7,19,10,6,12,51,6,68
2024-06-04 17:50:00 - 2024-06-04 17:55:00,75,42,36,15,7,0,30,37,36,17,31,8,34,13,14,23,49,13,54
2024-06-04 17:55:00 - 2024-06-04 18:00:00,78,48,31,12,12,0,32,33,36,13,19,5,20,12,6,12,54,6,69
2024-06-05 06:00:00 - 2024-06-05 06:05:00,15,10,3,2,0,0,7,3,3,1,2,3,1,0,1,3,3,2,1
2024-06-05 06:05:00 - 2024-06-05 06:10:00,15,10,3,2,2,0,7,3,4,2,3,1,3,0,1,0,5,1,7
2024-06-05 06:10:00 - 2024-06-05 06:15:00,7,4,1,2,2,0,5,1,1,0,1,0,9,0,1,6,2,3,5
2024-06-05 06:15:00 - 2024-06-05 06:20:00,12,8,7,2,1,0,3,6,3,2,3,1,9,0,1,5,3,2,7
2024-06-05 06:20:00 - 2024-06-05 06:25:00,19,14,5,1,2,0,7,4,3,2,3,2,7,0,1,7,1,3,4
2024-06-05 06:25:00 - 2024-06-05 06:30:00,34,23,4,3,2,0,10,6,13,3,4,5,4,4,1,2,10,1,15
2024-06-05 06:30:00 - 2024-06-05 06:35:00,27,15,9,6,0,0,6,10,10,2,4,0,7,4,2,6,10,3,14
2024-06-05 06:35:00 - 2024-06-05 06:40:00,22,15,9,2,7,0,5,8,6,5,6,1,8,1,1,5,4,2,21
2024-06-05 06:40:00 - 2024-06-05 06:45:00,39,24,12,6,5,0,11,11,10,4,7,7,12,2,3,8,11,4,14
2024-06-05 06:45:00 - 2024-06-05 06:50:00,43,29,18,4,3,0,14,15,18,4,6,1,8,2,2,6,13,3,25
2024-06-05 06:50:00 - 2024-06-05 06:55:00,46,30,12,6,13,0,13,15,13,10,16,4,11,7,6,12,12,6,26
2024-06-05 06:55:00 - 2024-06-05 07:00:00,53,35,21,6,8,0,18,21,27,11,13,6,12,7,2,8,20,4,42
2024-06-05 07:00:00 - 2024-06-05 07:05:00,48,33,22,4,3,0,18,22,18,8,11,8,15,7,3,10,24,5,38
2024-06-05 07:05:00 - 2024-06-05 07:10:00,44,27,14,6,3,0,13,15,27,3,9,6,12,5,6,5,18,4,59
2024-06-05 07:10:00 - 2024-06-05 07:15:00,51,33,23,6,5,0,13,21,21,7,9,4,13,5,2,8,15,4,61
2024-06-05 07:15:00 - 2024-06-05 07:20:00,72,47,24,8,12,0,26,24,28,5,8,8,17,7,3,11,28,5,54
2024-06-05 07:20:00 - 2024-06-05 07:25:00,54,36,33,5,7,0,25,36,29,9,11,6,24,15,2,10,30,4,76
2024-06-05 07:25:00 - 2024-06-05 07:30:00,61,43,32,3,9,0,16,35,30,12,14,5,17,14,2,13,26,5,64
2024-06-05 07:30:00 - 2024-06-05 07:35:00,54,34,35,7,6,0,21,32,21,11,17,8,18,7,6,14,27,7,57
2024-06-05 07:35:00 - 2024-06-05 07:40:00,71,48,31,6,13,0,28,31,31,12,16,7,30,10,4,13,24,6,71
2024-06-05 07:40:00 - 2024-06-05 07:45:00,74,51,49,5,14,0,32,45,31,14,17,13,28,10,3,16,40,7,57
2024-06-05 07:45:00 - 2024-06-05 07:50:00,80,51,46,9,12,0,19,43,26,8,10,9,15,11,2,14,20,6,57
2024-06-05 07:50:00 - 2024-06-05 07:55:00,65,41,35,9,8,0,28,36,32,10,14,5,19,13,4,12,33,6,52
2024-06-05 07:55:00 - 2024-06-05 08:00:00,96,66,41,7,19,0,37,43,22,12,20,8,19,16,8,16,24,8,34
2024-06-05 08:00:00 - 2024-06-05 08:05:00,78,48,50,11,20,0,22,48,40,13,16,6,18,13,3,11,35,5,30
2024-06-05 08:05:00 - 2024-06-05 08:10:00,84,60,33,4,17,0,27,35,33,17,19,9,13,13,2,6,25,3,41
2024-06-05 08:10:00 - 2024-06-05 08:15:00,80,51,39,10,14,0,28,38,34,19,26,10,17,11,7,10,17,6,24
2024-06-05 08:15:00 - 2024-06-05 08:20:00,98,69,47,6,20,0,39,43,23,15,23,4,27,10,8,14,31,8,40
2024-06-05 08:20:00 - 2024-06-05 08:25:00,83,54,46,9,17,0,26,48,39,19,25,9,20,17,6,12,31,6,37
2024-06-05 08:25:00 - 2024-06-05 08:30:00,104,69,53,10,21,0,32,46,31,16,28,9,24,8,12,15,25,9,36
2024-06-05 08:30:00 - 2024-06-05 08:35:00,77,45,40,14,25,0,24,41,29,20,24,8,21,14,4,15,19,7,23
2024-06-05 08:35:00 - 2024-06-05 08:40:00,87,60,48,6,19,0,21,42,26,14,21,14,18,7,7,15,28,8,26
2024-06-05 08:40:00 - 2024-06-05 08:45:00,81,45,34,17,16,0,22,34,38,15,16,13,15,11,1,13,30,5,31
2024-06-05 08:45:00 - 2024-06-05 08:50:00,89,55,48,12,17,0,19,44,28,17,26,10,12,10,9,7,30,6,31
2024-06-05 08:50:00 - 2024-06-05 08:55:00,79,46,39,14,17,0,22,39,31,16,19,15,7,12,3,8,23,4,28
2024-06-05 08:55:00 - 2024-06-05 09:00:00,84,53,46,11,15,0,35,49,37,17,22,14,13,19,5,16,35,7,33
2024-06-05 09:00:00 - 2024-06-05 09:05:00,56,36,48,7,17,0,30,54,27,12,20,19,30,23,8,18,27,9,43
2024-06-05 09:05:00 - 2024-06-05 09:10:00,78,48,26,12,15,0,24,33,34,10,17,12,16,17,7,9,20,6,26
2024-06-05 09:10:00 - 2024-06-05 09:15:00,61,39,29,8,16,0,21,30,41,19,27,11,8,11,8,9,32,6,40
2024-06-05 09:15:00 - 2024-06-05 09:20:00,62,44,24,3,16,0,29,24,31,14,17,7,8,8,3,8,42,4,31
2024-06-05 09:20:00 - 2024-06-05 09:25:00,52,28,28,12,15,0,18,29,22,20,29,9,14,10,9,15,21,8,24
2024-06-05 09:25:00 - 2024-06-05 09:30:00,57,38,32,6,8,0,16,30,33,11,15,4,11,8,4,13,32,6,31
2024-06-05 09:30:00 - 2024-06-05 09:35:00,57,37,27,6,9,0,27,28,26,7,13,12,14,10,6,13,26,7,33
2024-06-05 09:35:00 - 2024-06-05 09:40:00,55,33,32,9,13,0,20,29,26,11,15,11,13,6,4,14,21,6,32
2024-06-05 09:40:00 - 2024-06-05 09:45:00,51,32,30,7,9,0,22,29,38,15,20,9,11,8,5,11,31,6,44
2024-06-05 09:45:00 - 2024-06-05 09:50:00,62,42,25,5,9,0,15,27,22,7,13,8,14,10,6,10,27,6,27
2024-06-05 09:50:00 - 2024-06-05 09:55:00,66,40,28,10,19,0,19,33,38,17,25,12,8,16,8,4,32,4,41
2024-06-05 09:55:00 - 2024-06-05 10:00:00,65,45,24,5,22,0,24,27,38,13,19,9,10,11,6,6,44,4,56
2024-06-05 10:00:00 - 2024-06-05 10:05:00,61,41,28,6,15,0,20,31,37,15,24,12,11,13,9,8,38,6,44
2024-06-05 10:05:00 - 2024-06-05 10:10:00,59,36,27,9,13,0,19,28,31,13,20,14,7,10,7,11,32,6,32
2024-06-05 10:10:00 - 2024-06-05 10:15:00,50,33,25,6,11,0,19,30,31,12,19,6,13,14,7,8,27,5,36
2024-06-05 10:15:00 - 2024-06-05 10:20:00,42,25,24,7,8,0,25,31,33,9,14,10,20,17,5,13,31,6,32
2024-06-05 10:20:00 - 2024-06-05 10:25:00,55,31,25,11,10,0,28,27,31,9,17,12,18,11,8,11,22,7,37
2024-06-05 10:25:00 - 2024-06-05 10:30:00,71,44,25,10,8,0,19,26,35,12,17,4,21,9,5,11,25,6,39
2024-06-05 10:30:00 - 2024-06-05 10:35:00,57,36,24,8,15,0,18,25,32,18,28,8,16,9,10,11,36,7,47
2024-06-05 10:35:00 - 2024-06-05 10:40:00,75,48,35,9,8,0,23,35,49,11,15,8,10,11,4,8,38,4,38
2024-06-05 10:40:00 - 2024-06-05 10:45:00,53,31,16,9,13,0,19,20,37,10,15,9,15,10,5,4,30,3,37
2024-06-05 10:45:00 - 2024-06-05 10:50:00,63,38,28,10,8,0,23,33,32,11,14,9,15,15,3,9,41,4,50
2024-06-05 10:50:00 - 2024-06-05 10:55:00,50,30,27,8,13,0,27,27,37,8,17,6,18,9,9,7,43,6,52
2024-06-05 10:55:00 - 2024-06-05 11:00:00,66,42,33,9,13,0,40,32,33,16,28,6,28,9,12,19,32,11,43
2024-06-05 11:00:00 - 2024-06-05 11:05:00,52,33,30,7,10,0,27,30,38,15,25,11,13,10,10,7,35,6,38
2024-06-05 11:05:00 - 2024-06-05 11:10:00,71,44,25,10,8,0,26,30,31,14,21,11,19,15,7,13,43,7,41
2024-06-05 11:10:00 - 2024-06-05 11:15:00,47,29,30,7,10,0,21,33,39,15,20,12,7,14,5,12,33,6,47
2024-06-05 11:15:00 - 2024-06-05 11:20:00,58,36,27,8,10,0,20,27,32,13,19,8,13,9,6,11,30,6,43
2024-06-05 11:20:00 - 2024-06-05 11:25:00,48,31,22,6,9,0,21,26,35,11,20,20,16,12,9,11,28,7,51
2024-06-05 11:25:00 - 2024-06-05 11:30:00,56,35,23,8,6,0,26,24,28,15,27,13,19,8,12,15,37,9,40
2024-06-05 11:30:00 - 2024-06-05 11:35:00,57,35,28,9,21,0,23,27,41,21,27,6,19,7,6,12,33,6,48
2024-06-05 11:35:00 - 2024-06-05 11:40:00,54,36,29,5,11,0,21,29,37,18,28,9,26,9,10,12,32,8,40
2024-06-05 11:40:00 - 2024-06-05 11:45:00,57,36,33,8,13,0,17,36,42,13,22,7,9,15,9,10,32,7,48
2024-06-05 11:45:00 - 2024-06-05 11:50:00,74,46,39,10,13,0,26,41,39,18,25,10,21,15,7,12,55,7,51
2024-06-05 11:50:00 - 2024-06-05 11:55:00,59,36,27,9,19,0,17,33,43,20,26,12,11,16,6,6,45,4,66
2024-06-05 11:55:00 - 2024-06-05 12:00:00,65,38,25,12,10,0,20,36,34,19,23,8,12,22,4,12,44,6,56
2024-06-05 12:00:00 - 2024-06-05 12:05:00,65,42,40,7,10,0,21,42,45,16,30,8,13,15,14,13,49,9,71
2024-06-05 12:05:00 - 2024-06-05 12:10:00,70,39,42,15,9,0,31,42,45,19,33,15,16,14,14,12,43,9,58
2024-06-05 12:10:00 - 2024-06-05 12:15:00,55,33,30,9,12,0,28,36,34,22,27,20,17,17,5,14,47,7,59
2024-06-05 12:15:00 - 2024-06-05 12:20:00,61,35,47,12,14,0,16,43,37,16,21,8,15,10,5,11,36,6,64
2024-06-05 12:20:00 - 2024-06-05 12:25:00,60,34,31,12,14,0,22,34,32,24,33,17,19,14,9,11,34,7,44
2024-06-05 12:25:00 - 2024-06-05 12:30:00,74,48,23,9,12,0,31,29,37,16,22,13,19,15,6,12,35,6,52
2024-06-05 12:30:00 - 2024-06-05 12:35:00,51,33,31,6,9,0,26,37,28,21,29,10,14,18,8,14,30,8,57
2024-06-05 12:35:00 - 2024-06-05 12:40:00,67,45,34,6,9,0,25,39,31,10,15,12,16,17,5,13,45,6,56
2024-06-05 12:40:00 - 2024-06-05 12:45:00,68,42,22,9,13,0,30,26,44,18,25,12,17,12,7,12,46,7,49
2024-06-05 12:45:00 - 2024-06-05 12:50:00,81,52,33,9,18,0,26,37,43,10,17,22,11,16,7,11,52,6,60
2024-06-05 12:50:00 - 2024-06-05 12:55:00,60,38,33,8,8,0,31,31,32,14,25,17,24,8,11,19,36,10,52
2024-06-05 12:55:00 - 2024-06-05 13:00:00,60,36,28,9,12,0,19,33,36,21,33,12,24,16,12,14,39,9,54
2024-06-05 13:00:00 - 2024-06-05 13:05:00,69,45,35,7,9,0,22,33,43,21,38,9,25,9,17,17,36,12,58
2024-06-05 13:05:00 - 2024-06-05 13:10:00,72,48,38,7,9,0,17,41,33,17,24,26,22,16,7,14,45,7,64
2024-06-05 13:10:00 - 2024-06-05 13:15:00,70,49,29,4,15,0,30,31,34,22,33,19,19,12,11,14,39,9,51
2024-06-05 13:15:00 - 2024-06-05 13:20:00,65,39,45,10,12,0,24,48,36,14,20,21,21,18,6,14,41,7,60
2024-06-05 13:20:00 - 2024-06-05 13:25:00,61,38,33,9,7,0,26,33,34,12,21,12,16,11,9,17,33,9,52
2024-06-05 13:25:00 - 2024-06-05 13:30:00,79,49,27,11,16,0,32,30,33,23,29,20,23,12,6,22,38,10,45
2024-06-05 13:30:00 - 2024-06-05 13:35:00,51,31,29,8,13,0,23,28,29,13,28,9,19,8,15,9,31,8,53
2024-06-05 13:35:00 - 2024-06-05 13:40:00,85,57,26,7,17,0,27,31,39,14,29,12,15,15,15,9,40,8,42
2024-06-05 13:40:00 - 2024-06-05 13:45:00,49,28,31,9,10,0,36,33,37,18,24,13,26,13,6,17,59,8,60
2024-06-05 13:45:00 - 2024-06-05 13:50:00,78,49,36,10,8,0,20,39,42,16,23,9,18,16,7,10,48,6,60
2024-06-05 13:50:00 - 2024-06-05 13:55:00,52,32,25,8,12,0,21,27,40,11,16,3,14,11,5,15,42,7,52
2024-06-05 13:55:00 - 2024-06-05 14:00:00,61,36,40,10,5,0,19,36,34,13,20,14,13,7,7,11,38,6,45
2024-06-05 14:00:00 - 2024-06-05 14:05:00,47,27,23,9,9,0,26,25,31,16,21,8,20,10,5,11,41,6,47
2024-06-05 14:05:00 - 2024-06-05 14:10:00,80,51,26,9,17,0,16,33,37,21,30,17,21,17,9,23,34,11,48
2024-06-05 14:10:00 - 2024-06-05 14:15:00,48,32,21,5,10,0,20,21,38,20,28,5,18,6,8,9,32,6,54
2024-06-05 14:15:00 - 2024-06-05 14:20:00,61,37,31,9,8,0,27,34,17,13,20,7,23,14,7,14,26,7,39
2024-06-05 14:20:00 - 2024-06-05 14:25:00,58,33,23,12,10,0,22,32,33,20,29,7,21,19,9,18,43,9,47
2024-06-05 14:25:00 - 2024-06-05 14:30:00,71,49,28,5,13,0,20,31,42,18,25,9,13,13,7,10,47,6,58
2024-06-05 14:30:00 - 2024-06-05 14:35:00,56,31,21,12,12,0,15,28,42,21,25,13,16,16,4,12,43,6,52
2024-06-05 14:35:00 - 2024-06-05 14:40:00,56,33,41,9,6,0,22,42,30,19,27,11,17,14,8,14,37,8,51
2024-06-05 14:40:00 - 2024-06-05 14:45:00,47,30,30,6,10,0,20,32,35,14,20,7,12,12,6,8,38,5,47
2024-06-05 14:45:00 - 2024-06-05 14:50:00,56,33,23,10,11,0,10,28,24,8,10,8,13,14,2,10,38,4,53
2024-06-05 14:50:00 - 2024-06-05 14:55:00,53,32,25,9,9,0,18,24,38,13,18,7,18,7,5,7,32,4,38
2024-06-05 14:55:00 - 2024-06-05 15:00:00,62,37,26,10,9,0,19,28,28,21,27,5,13,11,6,10,45,6,65
2024-06-05 15:00:00 - 2024-06-05 15:05:00,74,47,33,9,15,0,24,34,41,14,22,9,26,12,8,15,40,8,45
2024-06-05 15:05:00 - 2024-06-05 15:10:00,63,41,28,7,14,0,12,33,44,15,28,10,15,16,13,10,51,8,55
2024-06-05 15:10:00 - 2024-06-05 15:15:00,66,39,25,12,8,0,24,30,35,16,18,6,8,15,2,13,40,5,46
2024-06-05 15:15:00 - 2024-06-05 15:20:00,58,39,30,6,14,0,15,34,34,11,23,3,17,15,12,9,44,7,48
2024-06-05 15:20:00 - 2024-06-05 15:25:00,61,34,27,12,5,0,26,30,32,19,25,11,18,13,6,9,48,5,64
2024-06-05 15:25:00 - 2024-06-05 15:30:00,55,30,31,12,10,0,28,36,29,18,32,9,25,16,14,8,38,8,63
2024-06-05 15:30:00 - 2024-06-05 15:35:00,50,30,28,9,6,0,20,31,30,11,20,8,15,13,9,8,40,6,64
2024-06-05 15:35:00 - 2024-06-05 15:40:00,66,42,26,9,7,0,14,30,36,6,13,9,12,13,7,11,54,6,54
2024-06-05 15:40:00 - 2024-06-05 15:45:00,72,43,34,12,13,0,27,36,45,18,28,5,16,13,10,12,43,8,63
2024-06-05 15:45:00 - 2024-06-05 15:50:00,74,48,29,8,9,0,18,36,38,20,31,5,20,18,11,11,52,8,62
2024-06-05 15:50:00 - 2024-06-05 15:55:00,76,47,31,11,16,0,23,36,41,13,18,5,13,17,5,8,41,5,58
2024-06-05 15:55:00 - 2024-06-05 16:00:00,70,42,36,11,18,0,31,33,37,20,26,11,29,8,6,21,56,9,50
2024-06-05 16:00:00 - 2024-06-05 16:05:00,64,39,51,9,10,0,26,45,45,16,24,8,21,8,8,15,41,8,77
2024-06-05 16:05:00 - 2024-06-05 16:10:00,88,51,46,16,11,0,24,41,31,19,31,6,23,8,12,14,44,9,59
2024-06-05 16:10:00 - 2024-06-05 16:15:00,70,36,43,17,11,0,21,53,52,18,27,10,19,27,9,16,51,9,63
2024-06-05 16:15:00 - 2024-06-05 16:20:00,85,54,33,10,12,0,37,32,41,25,30,12,37,9,5,25,68,10,52
2024-06-05 16:20:00 - 2024-06-05 16:25:00,78,41,50,18,13,0,33,48,41,25,34,8,32,14,9,20,59,10,77
2024-06-05 16:25:00 - 2024-06-05 16:30:00,107,61,43,20,12,0,44,48,39,16,25,13,31,21,9,30,53,13,81
2024-06-05 16:30:00 - 2024-06-05 16:35:00,88,44,63,23,18,0,46,57,59,34,44,6,38,13,10,15,50,9,108
2024-06-05 16:35:00 - 2024-06-05 16:40:00,96,57,71,15,16,0,36,69,53,26,37,12,40,21,11,22,78,11,96
2024-06-05 16:40:00 - 2024-06-05 16:45:00,95,55,70,17,7,0,47,66,64,35,40,7,37,18,5,29,67,12,108
2024-06-05 16:45:00 - 2024-06-05 16:50:00,100,55,60,21,11,0,55,61,43,26,38,9,40,21,12,25,63,13,107
2024-06-05 16:50:00 - 2024-06-05 16:55:00,104,60,56,18,10,0,28,58,57,32,40,6,43,21,8,30,56,13,95
2024-06-05 16:55:00 - 2024-06-05 17:00:00,114,72,78,14,2,0,46,77,70,16,27,7,37,24,11,20,89,11,81
2024-06-05 17:00:00 - 2024-06-05 17:05:00,117,63,66,26,13,0,30,69,65,19,27,7,24,26,8,21,62,10,99
2024-06-05 17:05:00 - 2024-06-05 17:10:00,121,69,63,23,18,0,44,60,44,17,28,8,39,16,11,31,69,14,98
2024-06-05 17:10:00 - 2024-06-05 17:15:00,110,67,48,16,10,0,45,55,69,21,32,22,33,25,11,27,81,13,89
2024-06-05 17:15:00 - 2024-06-05 17:20:00,86,51,44,15,13,0,28,53,45,19,33,13,38,26,14,24,71,13,103
2024-06-05 17:20:00 - 2024-06-05 17:25:00,97,57,52,16,14,0,51,50,60,11,22,7,37,14,11,15,56,9,82
2024-06-05 17:25:00 - 2024-06-05 17:30:00,93,53,31,18,6,0,28,33,51,15,25,10,27,12,10,8,65,6,90
2024-06-05 17:30:00 - 2024-06-05 17:35:00,105,62,44,18,7,0,30,48,54,13,19,5,26,20,6,21,59,9,73
2024-06-05 17:35:00 - 2024-06-05 17:40:00,95,55,45,17,8,0,34,46,44,9,18,5,20,16,9,17,59,9,88
2024-06-05 17:40:00 - 2024-06-05 17:45:00,73,44,33,12,14,0,31,33,42,15,20,4,33,10,5,23,38,10,61
2024-06-05 17:45:00 - 2024-06-05 17:50:00,103,60,46,18,11,0,41,45,40,11,20,6,42,13,9,29,61,13,73
2024-06-05 17:50:00 - 2024-06-05 17:55:00,130,72,47,27,8,0,43,54,47,18,33,12,34,25,15,37,60,18,81
2024-06-05 17:55:00 - 2024-06-05 18:00:00,120,67,41,24,17,0,36,39,61,18,28,16,31,11,10,37,54,16,101
2024-06-06 06:00:00 - 2024-06-06 06:05:00,21,13,4,3,2,0,4,3,6,1,1,0,4,0,0,1,3,1,5
2024-06-06 06:05:00 - 2024-06-06 06:10:00,15,9,5,3,3,0,4,5,3,2,4,4,2,1,2,1,6,1,10
2024-06-06 06:10:00 - 2024-06-06 06:15:00,9,6,5,1,2,0,2,4,2,2,4,2,4,0,2,2,0,2,6
2024-06-06 06:15:00 - 2024-06-06 06:20:00,7,5,4,1,2,0,7,3,1,1,1,2,2,0,0,1,1,1,13
2024-06-06 06:20:00 - 2024-06-06 06:25:00,18,12,6,2,2,0,2,5,5,2,4,3,6,0,2,3,2,2,6
2024-06-06 06:25:00 - 2024-06-06 06:30:00,24,18,6,1,3,0,8,6,12,2,4,1,5,2,2,4,9,2,12
2024-06-06 06:30:00 - 2024-06-06 06:35:00,31,19,9,5,6,0,11,10,11,2,3,0,8,4,1,5,9,2,17
2024-06-06 06:35:00 - 2024-06-06 06:40:00,30,19,11,4,1,0,5,9,9,1,2,0,10,0,1,7,6,3,19
2024-06-06 06:40:00 - 2024-06-06 06:45:00,26,20,11,0,6,0,10,10,10,4,6,0,10,2,2,9,8,4,9
2024-06-06 06:45:00 - 2024-06-06 06:50:00,42,27,9,5,6,0,13,10,18,4,7,4,10,4,3,6,18,3,27
2024-06-06 06:50:00 - 2024-06-06 06:55:00,54,33,17,9,7,0,8,18,13,6,10,4,12,6,4,8,17,4,24
2024-06-06 06:55:00 - 2024-06-06 07:00:00,47,31,20,5,4,0,21,19,28,3,6,4,6,5,3,5,17,3,41
2024-06-06 07:00:00 - 2024-06-06 07:05:00,42,27,12,5,6,0,10,14,15,9,12,5,8,6,3,4,21,3,44
2024-06-06 07:05:00 - 2024-06-06 07:10:00,50,34,12,4,8,0,18,12,26,5,9,6,10,3,4,9,21,5,47
2024-06-06 07:10:00 - 2024-06-06 07:15:00,49,30,21,7,5,0,15,21,19,11,12,8,17,6,1,9,20,4,54
2024-06-06 07:15:00 - 2024-06-06 07:20:00,74,48,27,8,9,0,21,24,20,7,9,9,17,4,2,7,18,3,52
2024-06-06 07:20:00 - 2024-06-06 07:25:00,60,39,25,7,9,0,13,27,24,5,8,8,12,10,3,6,32,3,68
2024-06-06 07:25:00 - 2024-06-06 07:30:00,70,50,26,3,7,0,18,24,37,8,15,2,28,5,7,14,29,7,51
2024-06-06 07:30:00 - 2024-06-06 07:35:00,69,45,25,8,5,0,25,28,36,10,17,7,22,12,7,11,36,6,71
2024-06-06 07:35:00 - 2024-06-06 07:40:00,58,36,36,9,8,0,21,33,28,7,9,11,19,8,2,14,29,6,76
2024-06-06 07:40:00 - 2024-06-06 07:45:00,73,48,49,7,15,0,20,43,38,13,17,11,17,8,4,14,38,6,61
2024-06-06 07:45:00 - 2024-06-06 07:50:00,84,55,39,9,9,0,27,38,26,4,8,8,23,11,4,13,31,6,48
2024-06-06 07:50:00 - 2024-06-06 07:55:00,74,49,44,7,13,0,33,44,34,13,15,8,19,14,2,9,27,4,40
2024-06-06 07:55:00 - 2024-06-06 08:00:00,80,51,44,10,15,0,25,40,21,9,12,7,11,9,3,5,25,3,27
2024-06-06 08:00:00 - 2024-06-06 08:05:00,77,48,42,10,14,0,18,36,28,21,27,15,20,6,6,12,24,6,32
2024-06-06 08:05:00 - 2024-06-06 08:10:00,84,59,23,5,9,0,33,30,39,8,14,10,22,16,6,17,33,8,31
2024-06-06 08:10:00 - 2024-06-06 08:15:00,90,60,39,9,18,0,40,39,36,16,24,5,21,13,8,12,28,7,39
2024-06-06 08:15:00 - 2024-06-06 08:20:00,117,76,45,12,12,0,30,44,32,16,23,18,26,13,7,17,30,8,36
2024-06-06 08:20:00 - 2024-06-06 08:25:00,62,34,39,13,20,0,29,37,27,18,28,8,32,10,10,15,30,9,34
2024-06-06 08:25:00 - 2024-06-06 08:30:00,124,81,50,12,18,0,27,48,31,21,29,16,18,13,8,12,28,7,34
2024-06-06 08:30:00 - 2024-06-06 08:35:00,97,58,44,15,19,0,49,39,43,25,32,12,16,8,7,12,26,7,38
2024-06-06 08:35:00 - 2024-06-06 08:40:00,72,46,50,9,14,0,28,51,33,8,17,15,28,17,9,17,26,9,32
2024-06-06 08:40:00 - 2024-06-06 08:45:00,70,48,43,5,21,0,29,40,22,13,18,23,18,10,5,13,23,6,20
2024-06-06 08:45:00 - 2024-06-06 08:50:00,93,59,42,12,19,0,30,44,36,17,18,12,27,16,1,14,24,5,29
2024-06-06 08:50:00 - 2024-06-06 08:55:00,75,40,36,17,15,0,37,36,29,19,26,13,30,12,7,25,25,11,34
2024-06-06 08:55:00 - 2024-06-06 09:00:00,106,66,37,14,18,0,31,37,30,19,22,17,16,12,3,11,40,5,38
2024-06-06 09:00:00 - 2024-06-06 09:05:00,72,46,40,9,16,0,25,40,45,15,22,13,18,13,7,9,32,6,28
2024-06-06 09:05:00 - 2024-06-06 09:10:00,66,45,28,5,18,0,27,31,36,26,29,10,16,13,3,12,21,5,31
2024-06-06 09:10:00 - 2024-06-06 09:15:00,66,44,32,6,18,0,22,28,37,16,23,13,16,5,7,8,24,5,31
2024-06-06 09:15:00 - 2024-06-06 09:20:00,55,36,32,6,12,0,18,31,24,13,19,15,17,9,6,9,25,5,32
2024-06-06 09:20:00 - 2024-06-06 09:25:00,68,47,40,5,9,0,28,40,31,9,15,12,16,13,6,19,33,9,26
2024-06-06 09:25:00 - 2024-06-06 09:30:00,60,38,29,8,12,0,27,28,26,15,27,13,16,8,12,13,18,9,40
2024-06-06 09:30:00 - 2024-06-06 09:35:00,62,39,41,8,13,0,22,39,31,11,16,10,15,11,5,10,20,5,28
2024-06-06 09:35:00 - 2024-06-06 09:40:00,56,39,23,4,9,0,24,27,26,11,23,6,17,13,12,11,33,8,29
2024-06-06 09:40:00 - 2024-06-06 09:45:00,57,39,40,5,7,0,29,44,36,14,24,12,17,18,10,9,36,7,47
2024-06-06 09:45:00 - 2024-06-06 09:50:00,63,45,22,3,14,0,20,24,23,12,23,7,14,10,11,10,33,7,37
2024-06-06 09:50:00 - 2024-06-06 09:55:00,58,38,30,6,10,0,30,31,39,10,13,4,25,11,3,16,29,7,45
2024-06-06 09:55:00 - 2024-06-06 10:00:00,52,32,30,8,8,0,14,31,23,19,29,7,13,11,10,11,32,7,35
2024-06-06 10:00:00 - 2024-06-06 10:05:00,56,33,29,9,13,0,20,28,35,11,15,8,15,8,4,12,21,6,27
2024-06-06 10:05:00 - 2024-06-06 10:10:00,59,40,22,5,7,0,22,29,27,6,17,4,24,16,11,11,32,8,32
2024-06-06 10:10:00 - 2024-06-06 10:15:00,65,42,21,8,10,0,23,27,29,15,23,9,13,15,8,11,30,7,27
2024-06-06 10:15:00 - 2024-06-06 10:20:00,67,44,17,7,7,0,20,21,25,14,26,11,15,11,12,9,35,7,26
2024-06-06 10:20:00 - 2024-06-06 10:25:00,33,19,31,6,9,0,24,37,27,16,19,9,11,18,3,7,39,4,41
2024-06-06 10:25:00 - 2024-06-06 10:30:00,66,39,28,11,8,0,14,29,34,9,17,4,13,10,8,13,32,7,48
2024-06-06 10:30:00 - 2024-06-06 10:35:00,48,25,26,12,20,0,22,27,34,22,29,6,15,10,7,9,32,6,32
2024-06-06 10:35:00 - 2024-06-06 10:40:00,48,33,29,4,15,0,19,33,30,12,18,13,13,15,6,10,45,6,44
2024-06-06 10:40:00 - 2024-06-06 10:45:00,63,38,32,10,14,0,21,33,38,10,13,7,14,12,3,11,34,5,29
2024-06-06 10:45:00 - 2024-06-06 10:50:00,58,32,35,12,20,0,15,39,27,15,21,8,16,16,6,7,26,5,36
2024-06-06 10:50:00 - 2024-06-06 10:55:00,58,36,36,8,12,0,17,36,33,12,19,7,16,11,7,11,31,6,39
2024-06-06 10:55:00 - 2024-06-06 11:00:00,77,53,29,6,9,0,20,35,36,14,27,10,12,17,13,10,39,8,34
2024-06-06 11:00:00 - 2024-06-06 11:05:00,56,31,38,12,13,0,16,42,32,13,19,8,9,17,6,11,35,6,36
2024-06-06 11:05:00 - 2024-06-06 11:10:00,74,49,27,7,17,0,30,30,43,23,33,6,16,13,10,11,36,7,58
2024-06-06 11:10:00 - 2024-06-06 11:15:00,59,44,25,1,13,0,31,30,41,12,23,7,20,15,11,9,47,7,55
2024-06-06 11:15:00 - 2024-06-06 11:20:00,63,39,33,9,11,0,21,31,27,15,26,13,14,8,11,11,46,8,51
2024-06-06 11:20:00 - 2024-06-06 11:25:00,67,42,28,9,12,0,30,30,40,15,26,8,20,12,11,14,39,9,56
2024-06-06 11:25:00 - 2024-06-06 11:30:00,64,42,32,7,13,0,19,35,34,26,29,12,12,14,3,14,31,6,43
2024-06-06 11:30:00 - 2024-06-06 11:35:00,65,39,32,11,9,0,22,36,37,14,23,12,20,16,9,13,44,8,46
2024-06-06 11:35:00 - 2024-06-06 11:40:00,82,50,37,12,17,0,21,39,45,17,21,7,12,15,4,6,51,4,55
2024-06-06 11:40:00 - 2024-06-06 11:45:00,87,50,37,16,14,0,24,37,50,21,29,7,15,12,8,10,53,6,52
2024-06-06 11:45:00 - 2024-06-06 11:50:00,80,47,43,14,15,0,21,39,45,19,27,12,11,8,8,7,35,5,58
2024-06-06 11:50:00 - 2024-06-06 11:55:00,75,48,55,9,13,0,26,48,41,27,42,9,15,9,15,5,41,7,49
2024-06-06 11:55:00 - 2024-06-06 12:00:00,66,42,39,8,15,0,27,43,36,25,36,9,19,18,11,15,45,9,55
2024-06-06 12:00:00 - 2024-06-06 12:05:00,64,35,35,14,14,0,15,42,49,35,46,13,19,21,11,15,55,9,77
2024-06-06 12:05:00 - 2024-06-06 12:10:00,83,54,41,9,16,0,17,40,37,16,33,9,25,12,17,14,31,11,81
2024-06-06 12:10:00 - 2024-06-06 12:15:00,53,37,21,3,14,0,27,34,39,19,28,10,25,24,9,12,52,7,72
2024-06-06 12:15:00 - 2024-06-06 12:20:00,85,55,33,9,17,0,42,40,33,27,40,12,32,20,13,13,50,9,68
2024-06-06 12:20:00 - 2024-06-06 12:25:00,60,42,30,3,7,0,37,33,45,19,32,16,19,14,13,17,49,10,55
2024-06-06 12:25:00 - 2024-06-06 12:30:00,52,31,32,9,13,0,21,36,26,16,35,13,22,15,19,16,39,12,65
2024-06-06 12:30:00 - 2024-06-06 12:35:00,66,45,30,5,20,0,23,38,38,16,31,9,28,20,15,15,39,10,66
2024-06-06 12:35:00 - 2024-06-06 12:40:00,74,51,33,6,12,0,27,37,31,24,39,15,17,16,15,13,42,10,63
2024-06-06 12:40:00 - 2024-06-06 12:45:00,72,42,30,13,13,0,31,30,56,7,13,10,24,10,6,14,40,7,58
2024-06-06 12:45:00 - 2024-06-06 12:50:00,107,65,34,16,12,0,22,44,51,21,30,4,15,24,9,8,39,6,46
2024-06-06 12:50:00 - 2024-06-06 12:55:00,80,53,53,8,16,0,25,51,56,27,36,10,18,14,9,27,52,12,64
2024-06-06 12:55:00 - 2024-06-06 13:00:00,90,57,27,12,12,0,29,30,44,19,29,6,26,12,10,14,35,8,57
2024-06-06 13:00:00 - 2024-06-06 13:05:00,63,40,35,8,10,0,23,36,37,14,25,10,24,12,11,15,33,9,47
2024-06-06 13:05:00 - 2024-06-06 13:10:00,88,55,39,12,17,0,32,47,36,23,41,13,20,23,18,7,38,9,55
2024-06-06 13:10:00 - 2024-06-06 13:15:00,79,49,25,11,14,0,31,30,44,15,28,14,21,14,13,15,46,10,52
2024-06-06 13:15:00 - 2024-06-06 13:20:00,64,38,31,11,13,0,16,32,34,19,31,17,23,11,12,19,37,11,52
2024-06-06 13:20:00 - 2024-06-06 13:25:00,73,45,28,11,18,0,33,30,38,19,32,4,29,11,13,21,44,12,54
2024-06-06 13:25:00 - 2024-06-06 13:30:00,66,38,30,12,10,0,19,35,31,9,20,11,18,16,11,8,42,7,52
2024-06-06 13:30:00 - 2024-06-06 13:35:00,88,58,37,9,22,0,35,42,41,19,28,7,11,19,9,15,44,8,50
2024-06-06 13:35:00 - 2024-06-06 13:40:00,87,59,35,7,20,0,20,37,44,20,34,11,15,14,14,12,53,9,65
2024-06-06 13:40:00 - 2024-06-06 13:45:00,67,38,31,13,19,0,25,33,48,18,33,15,22,13,15,13,46,10,72
2024-06-06 13:45:00 - 2024-06-06 13:50:00,61,39,32,8,12,0,26,39,44,15,35,10,21,19,20,15,38,12,57
2024-06-06 13:50:00 - 2024-06-06 13:55:00,74,46,43,10,9,0,34,41,48,24,42,5,29,11,18,18,53,12,47
2024-06-06 13:55:00 - 2024-06-06 14:00:00,77,47,40,12,14,0,28,43,58,24,28,8,15,17,4,12,50,6,74
2024-06-06 14:00:00 - 2024-06-06 14:05:00,66,39,39,12,10,0,18,37,48,21,36,12,22,10,15,17,43,11,74
2024-06-06 14:05:00 - 2024-06-06 14:10:00,73,48,33,7,12,0,25,33,44,17,28,3,15,11,11,11,36,8,43
2024-06-06 14:10:00 - 2024-06-06 14:15:00,67,39,34,12,13,0,23,37,42,9,17,10,26,15,8,18,42,9,53
2024-06-06 14:15:00 - 2024-06-06 14:20:00,70,48,26,5,15,0,26,30,39,19,28,7,16,13,9,9,41,6,52
2024-06-06 14:20:00 - 2024-06-06 14:25:00,83,48,43,15,13,0,18,52,49,23,34,9,19,26,11,13,45,8,72
2024-06-06 14:25:00 - 2024-06-06 14:30:00,53,27,38,13,16,0,26,37,44,18,22,11,21,11,4,13,53,6,62
2024-06-06 14:30:00 - 2024-06-06 14:35:00,82,49,30,13,15,0,23,30,28,16,23,8,25,10,7,16,38,8,70
2024-06-06 14:35:00 - 2024-06-06 14:40:00,78,48,34,12,19,0,21,31,46,17,25,12,18,7,8,11,36,7,43
2024-06-06 14:40:00 - 2024-06-06 14:45:00,84,54,35,9,13,0,27,39,51,27,42,10,18,17,15,10,36,9,67
2024-06-06 14:45:00 - 2024-06-06 14:50:00,72,48,25,6,17,0,29,32,53,20,26,11,21,17,6,24,68,10,86
2024-06-06 14:50:00 - 2024-06-06 14:55:00,69,48,27,5,16,0,29,30,55,16,30,10,30,13,14,26,56,14,59
2024-06-06 14:55:00 - 2024-06-06 15:00:00,90,54,26,14,11,0,34,32,32,15,27,11,27,16,12,16,49,10,66
2024-06-06 15:00:00 - 2024-06-06 15:05:00,75,48,34,9,18,0,37,42,57,23,32,8,26,21,9,18,47,9,52
2024-06-06 15:05:00 - 2024-06-06 15:10:00,69,47,23,6,19,0,36,30,48,24,38,12,27,17,14,12,56,9,70
2024-06-06 15:10:00 - 2024-06-06 15:15:00,95,59,32,13,16,0,24,34,55,17,25,6,16,13,8,13,46,7,53
2024-06-06 15:15:00 - 2024-06-06 15:20:00,87,54,28,12,19,0,34,33,45,11,19,12,22,15,8,16,43,8,66
2024-06-06 15:20:00 - 2024-06-06 15:25:00,70,43,34,10,20,0,32,35,46,23,35,6,22,12,12,13,55,9,58
2024-06-06 15:25:00 - 2024-06-06 15:30:00,89,51,37,17,15,0,34,38,43,21,25,11,24,13,4,14,52,6,59
2024-06-06 15:30:00 - 2024-06-06 15:35:00,73,39,29,16,10,0,33,30,34,21,28,14,28,10,7,20,42,9,66
2024-06-06 15:35:00 - 2024-06-06 15:40:00,97,63,39,11,11,0,38,40,52,14,17,14,21,14,3,15,45,6,75
2024-06-06 15:40:00 - 2024-06-06 15:45:00,74,37,34,19,18,0,27,35,43,26,31,7,21,12,5,10,44,5,65
2024-06-06 15:45:00 - 2024-06-06 15:50:00,115,71,32,16,17,0,33,34,65,22,32,10,32,13,10,19,67,10,49
2024-06-06 15:50:00 - 2024-06-06 15:55:00,99,55,48,20,15,0,31,53,55,17,26,12,24,22,9,14,62,8,75
2024-06-06 15:55:00 - 2024-06-06 16:00:00,124,72,35,21,16,0,37,41,41,22,29,13,32,19,7,18,59,9,68
2024-06-06 16:00:00 - 2024-06-06 16:05:00,87,52,45,14,14,0,31,45,55,14,23,10,22,14,9,12,44,7,70
2024-06-06 16:05:00 - 2024-06-06 16:10:00,90,54,47,14,19,0,31,45,38,24,32,11,28,13,8,21,56,10,63
2024-06-06 16:10:00 - 2024-06-06 16:15:00,86,51,43,14,23,0,39,39,49,19,26,7,36,9,7,23,49,10,63
2024-06-06 16:15:00 - 2024-06-06 16:20:00,108,67,45,15,18,0,29,49,48,21,33,15,29,20,12,22,64,12,73
2024-06-06 16:20:00 - 2024-06-06 16:25:00,94,60,50,12,25,0,46,51,60,21,31,15,32,18,10,25,88,12,92
2024-06-06 16:25:00 - 2024-06-06 16:30:00,116,67,43,21,18,0,46,46,59,26,38,13,35,18,12,23,78,12,83
2024-06-06 16:30:00 - 2024-06-06 16:35:00,120,68,53,23,14,0,51,58,67,30,45,14,37,24,15,28,71,15,109
2024-06-06 16:35:00 - 2024-06-06 16:40:00,141,74,77,33,17,0,56,72,77,50,64,15,49,19,14,31,77,15,132
2024-06-06 16:40:00 - 2024-06-06 16:45:00,125,72,89,22,14,0,73,90,79,33,44,19,59,30,11,24,109,12,127
2024-06-06 16:45:00 - 2024-06-06 16:50:00,153,94,73,21,17,0,66,74,81,27,37,18,53,25,10,39,75,17,110
2024-06-06 16:50:00 - 2024-06-06 16:55:00,109,63,58,19,26,0,61,60,68,29,41,10,49,22,12,38,78,17,143
2024-06-06 16:55:00 - 2024-06-06 17:00:00,158,96,54,24,18,0,48,56,53,30,51,15,47,20,21,31,74,18,87
2024-06-06 17:00:00 - 2024-06-06 17:05:00,124,72,52,22,21,0,53,51,63,44,55,14,41,15,11,21,93,11,111
2024-06-06 17:05:00 - 2024-06-06 17:10:00,109,66,47,17,16,0,57,45,55,17,31,13,55,13,14,43,76,19,124
2024-06-06 17:10:00 - 2024-06-06 17:15:00,125,76,65,18,23,0,58,65,73,23,34,12,44,21,11,38,71,17,100
2024-06-06 17:15:00 - 2024-06-06 17:20:00,128,77,51,20,14,0,56,57,69,18,36,9,60,24,18,45,76,21,102
2024-06-06 17:20:00 - 2024-06-06 17:25:00,127,73,51,23,14,0,65,53,64,21,32,17,61,19,11,39,59,17,110
2024-06-06 17:25:00 - 2024-06-06 17:30:00,127,69,47,27,12,0,70,47,53,23,41,27,47,15,18,36,86,18,106
2024-06-06 17:30:00 - 2024-06-06 17:35:00,114,63,49,23,15,0,62,55,55,16,35,8,54,24,19,39,52,20,85
2024-06-06 17:35:00 - 2024-06-06 17:40:00,146,84,56,26,13,0,62,54,60,21,31,15,58,15,10,35,61,15,79
2024-06-06 17:40:00 - 2024-06-06 17:45:00,113,66,32,20,11,0,65,44,44,20,39,9,62,26,19,41,67,20,107
2024-06-06 17:45:00 - 2024-06-06 17:50:00,125,70,43,24,15,0,59,52,45,12,21,7,60,26,9,46,56,19,72
2024-06-06 17:50:00 - 2024-06-06 17:55:00,131,82,38,17,10,0,61,37,59,26,43,15,46,11,17,29,52,16,87
2024-06-06 17:55:00 - 2024-06-06 18:00:00,127,80,31,16,15,0,55,33,59,32,40,11,43,13,8,35,57,15,87
2024-06-07 06:00:00 - 2024-06-07 06:05:00,18,9,4,6,1,0,5,3,3,2,4,1,7,0,2,4,2,2,7
2024-06-07 06:05:00 - 2024-06-07 06:10:00,12,9,5,1,1,0,2,4,8,1,1,1,1,0,0,2,5,1,6
2024-06-07 06:10:00 - 2024-06-07 06:15:00,12,8,2,2,3,0,3,3,5,2,2,1,5,1,0,1,4,1,7
2024-06-07 06:15:00 - 2024-06-07 06:20:00,17,12,3,2,2,0,3,3,2,1,1,1,3,1,0,5,2,2,10
2024-06-07 06:20:00 - 2024-06-07 06:25:00,21,15,6,2,2,0,11,5,7,1,1,4,7,0,0,4,3,2,7
2024-06-07 06:25:00 - 2024-06-07 06:30:00,25,18,13,1,4,0,13,12,5,2,5,4,11,2,3,3,7,2,10
2024-06-07 06:30:00 - 2024-06-07 06:35:00,23,14,8,4,3,0,8,9,8,2,3,4,5,3,1,3,9,2,19
2024-06-07 06:35:00 - 2024-06-07 06:40:00,49,34,14,3,7,0,16,13,16,5,7,1,11,3,2,9,12,4,19
2024-06-07 06:40:00 - 2024-06-07 06:45:00,34,22,15,4,4,0,9,15,18,10,11,6,9,5,1,5,14,2,24
2024-06-07 06:45:00 - 2024-06-07 06:50:00,46,30,18,5,6,0,10,18,19,8,11,2,6,5,3,7,16,4,25
2024-06-07 06:50:00 - 2024-06-07 06:55:00,68,45,12,6,8,0,16,13,17,10,10,2,11,5,0,7,18,3,19
2024-06-07 06:55:00 - 2024-06-07 07:00:00,59,43,17,2,10,0,14,22,31,8,13,3,9,12,5,6,27,4,40
2024-06-07 07:00:00 - 2024-06-07 07:05:00,51,33,26,6,16,0,22,23,23,5,14,3,16,4,9,11,21,7,50
2024-06-07 07:05:00 - 2024-06-07 07:10:00,57,42,19,2,11,0,32,21,15,11,16,9,20,8,5,18,15,8,55
2024-06-07 07:10:00 - 2024-06-07 07:15:00,58,38,22,6,19,0,21,24,31,17,22,9,15,9,5,11,19,6,47
2024-06-07 07:15:00 - 2024-06-07 07:20:00,70,46,27,7,14,0,19,29,28,10,13,3,13,11,3,8,36,4,57
2024-06-07 07:20:00 - 2024-06-07 07:25:00,60,41,20,5,15,0,29,32,27,13,16,6,15,22,3,13,22,6,66
2024-06-07 07:25:00 - 2024-06-07 07:30:00,85,60,26,4,18,0,28,26,55,12,24,5,26,8,12,16,33,10,61
2024-06-07 07:30:00 - 2024-06-07 07:35:00,59,41,33,4,23,0,19,34,36,17,29,10,16,12,12,9,46,7,67
2024-06-07 07:35:00 - 2024-06-07 07:40:00,77,53,32,6,15,0,25,33,32,13,22,13,29,12,9,18,49,9,70
2024-06-07 07:40:00 - 2024-06-07 07:45:00,86,57,49,9,26,0,25,45,45,19,34,8,21,10,15,15,37,10,75
2024-06-07 07:45:00 - 2024-06-07 07:50:00,105,74,59,6,33,0,28,58,40,16,24,11,18,18,8,7,48,5,72
2024-06-07 07:50:00 - 2024-06-07 07:55:00,67,42,46,9,22,0,29,46,35,13,18,7,19,15,5,17,40,8,51
2024-06-07 07:55:00 - 2024-06-07 08:00:00,114,78,40,9,19,0,22,42,44,15,17,13,20,16,2,16,36,6,26
2024-06-07 08:00:00 - 2024-06-07 08:05:00,81,49,45,12,18,0,32,42,31,25,37,12,26,11,12,12,32,8,44
2024-06-07 08:05:00 - 2024-06-07 08:10:00,98,62,45,12,15,0,28,50,30,14,24,11,25,21,10,12,18,8,29
2024-06-07 08:10:00 - 2024-06-07 08:15:00,90,52,53,16,14,0,23,52,35,13,19,5,17,16,6,7,44,5,38
2024-06-07 08:15:00 - 2024-06-07 08:20:00,103,66,43,12,19,0,25,43,30,18,28,6,28,14,10,15,34,9,35
2024-06-07 08:20:00 - 2024-06-07 08:25:00,95,63,55,9,13,0,29,50,52,12,24,11,28,11,12,15,31,9,50
2024-06-07 08:25:00 - 2024-06-07 08:30:00,113,74,65,12,27,0,37,55,37,16,29,9,27,8,13,22,37,12,46
2024-06-07 08:30:00 - 2024-06-07 08:35:00,86,58,53,7,24,0,39,52,34,24,29,11,36,16,5,21,38,9,39
2024-06-07 08:35:00 - 2024-06-07 08:40:00,109,72,48,10,18,0,30,47,37,19,31,10,28,14,12,16,35,10,34
2024-06-07 08:40:00 - 2024-06-07 08:45:00,76,46,52,12,21,0,30,51,36,9,19,18,20,15,10,8,26,6,50
2024-06-07 08:45:00 - 2024-06-07 08:50:00,100,67,43,9,25,0,29,41,35,23,29,10,25,11,6,15,20,7,39
2024-06-07 08:50:00 - 2024-06-07 08:55:00,54,33,31,8,15,0,26,34,37,15,19,10,21,14,4,17,37,7,29
2024-06-07 08:55:00 - 2024-06-07 09:00:00,90,58,39,10,17,0,26,39,47,12,19,12,19,13,7,22,39,10,36
2024-06-07 09:00:00 - 2024-06-07 09:05:00,87,58,33,8,27,0,24,34,43,28,42,8,14,12,14,11,26,9,43
2024-06-07 09:05:00 - 2024-06-07 09:10:00,81,51,31,11,24,0,35,36,34,22,32,11,18,16,10,14,41,8,48
2024-06-07 09:10:00 - 2024-06-07 09:15:00,55,36,39,6,18,0,24,36,36,17,25,18,17,8,8,14,37,8,30
2024-06-07 09:15:00 - 2024-06-07 09:20:00,68,43,37,9,10,0,30,36,30,10,20,14,24,10,10,12,27,8,27
2024-06-07 09:20:00 - 2024-06-07 09:25:00,66,44,31,6,26,0,22,33,23,20,25,8,13,13,5,9,27,5,36
2024-06-07 09:25:00 - 2024-06-07 09:30:00,63,40,43,8,22,0,16,42,33,15,25,11,18,13,10,18,26,10,35
2024-06-07 09:30:00 - 2024-06-07 09:35:00,64,40,32,9,13,0,13,33,27,18,29,7,13,11,11,9,38,7,41
2024-06-07 09:35:00 - 2024-06-07 09:40:00,68,40,34,12,23,0,28,30,34,15,25,10,17,6,10,11,22,7,35
2024-06-07 09:40:00 - 2024-06-07 09:45:00,53,32,35,9,13,0,22,39,31,16,22,3,13,17,6,9,36,5,38
2024-06-07 09:45:00 - 2024-06-07 09:50:00,72,48,21,6,21,0,29,24,30,22,30,4,22,10,8,11,29,7,29
2024-06-07 09:50:00 - 2024-06-07 09:55:00,54,35,48,6,21,0,19,45,43,14,31,12,10,11,17,7,39,8,41
2024-06-07 09:55:00 - 2024-06-07 10:00:00,74,51,28,5,22,0,20,32,36,14,28,9,14,14,14,9,40,8,60
2024-06-07 10:00:00 - 2024-06-07 10:05:00,59,36,31,9,26,0,23,34,39,17,26,8,18,14,9,21,31,10,40
2024-06-07 10:05:00 - 2024-06-07 10:10:00,62,42,26,5,21,0,22,31,42,31,47,14,18,15,16,11,54,9,64
2024-06-07 10:10:00 - 2024-06-07 10:15:00,62,39,29,9,37,0,24,33,44,36,56,10,13,15,20,12,55,11,62
2024-06-07 10:15:00 - 2024-06-07 10:20:00,66,45,19,5,18,0,24,29,41,30,43,8,16,19,13,15,55,10,67
2024-06-07 10:20:00 - 2024-06-07 10:25:00,55,37,29,5,27,0,21,33,46,20,27,7,15,15,7,8,45,5,60
2024-06-07 10:25:00 - 2024-06-07 10:30:00,68,44,27,8,27,0,19,25,37,24,38,3,17,6,14,13,40,9,54
2024-06-07 10:30:00 - 2024-06-07 10:35:00,41,28,35,3,11,0,27,39,37,23,29,8,13,16,6,13,40,7,51
2024-06-07 10:35:00 - 2024-06-07 10:40:00,73,47,33,9,14,0,33,36,42,18,36,14,23,15,18,15,37,11,49
2024-06-07 10:40:00 - 2024-06-07 10:45:00,60,37,26,9,16,0,24,33,46,20,28,9,28,17,8,12,45,7,56
2024-06-07 10:45:00 - 2024-06-07 10:50:00,66,42,36,9,22,0,20,44,30,16,25,8,12,22,9,6,53,5,58
2024-06-07 10:50:00 - 2024-06-07 10:55:00,65,41,31,9,19,0,23,31,43,21,36,12,10,10,15,18,49,11,54
2024-06-07 10:55:00 - 2024-06-07 11:00:00,55,33,34,9,14,0,25,45,21,14,22,10,28,26,8,21,33,10,51
2024-06-07 11:00:00 - 2024-06-07 11:05:00,67,45,31,6,17,0,26,36,45,23,34,12,22,17,11,12,48,8,51
2024-06-07 11:05:00 - 2024-06-07 11:10:00,81,55,36,6,15,0,32,40,38,15,24,10,20,17,9,16,52,9,52
2024-06-07 11:10:00 - 2024-06-07 11:15:00,78,46,35,13,12,0,30,39,61,16,31,16,14,16,15,11,39,9,55
2024-06-07 11:15:00 - 2024-06-07 11:20:00,80,50,28,11,10,0,21,31,34,21,29,15,18,13,8,14,52,8,46
2024-06-07 11:20:00 - 2024-06-07 11:25:00,59,35,28,10,11,0,31,30,42,21,28,5,16,12,7,12,36,7,55
2024-06-07 11:25:00 - 2024-06-07 11:30:00,65,43,32,6,22,0,19,37,40,13,23,16,16,17,10,11,51,7,49
2024-06-07 11:30:00 - 2024-06-07 11:35:00,77,50,39,9,16,0,24,42,49,19,34,10,27,17,15,18,55,11,66
2024-06-07 11:35:00 - 2024-06-07 11:40:00,67,41,34,10,20,0,25,37,47,19,34,10,10,15,15,11,42,9,53
2024-06-07 11:40:00 - 2024-06-07 11:45:00,79,48,40,12,15,0,27,39,48,22,32,12,18,11,10,18,49,10,57
2024-06-07 11:45:00 - 2024-06-07 11:50:00,87,55,26,11,18,0,27,27,56,22,39,7,23,10,17,9,52,9,58
2024-06-07 11:50:00 - 2024-06-07 11:55:00,69,45,47,8,16,0,22,52,59,14,24,15,19,22,10,14,68,8,82
2024-06-07 11:55:00 - 2024-06-07 12:00:00,79,53,40,7,20,0,25,42,41,19,35,8,22,16,16,15,30,11,74
2024-06-07 12:00:00 - 2024-06-07 12:05:00,88,56,36,11,15,0,27,41,45,23,41,10,23,18,18,24,49,14,77
2024-06-07 12:05:00 - 2024-06-07 12:10:00,79,48,45,12,29,0,38,50,54,40,55,17,27,21,15,16,54,11,68
2024-06-07 12:10:00 - 2024-06-07 12:15:00,84,53,38,11,17,0,29,42,56,29,45,11,24,18,16,20,63,12,81
2024-06-07 12:15:00 - 2024-06-07 12:20:00,91,57,42,12,26,0,30,46,55,27,44,11,16,19,17,12,54,10,52
2024-06-07 12:20:00 - 2024-06-07 12:25:00,82,52,37,10,41,0,32,43,43,45,63,18,27,20,18,16,46,12,82
2024-06-07 12:25:00 - 2024-06-07 12:30:00,80,51,31,9,29,0,22,43,51,41,54,11,16,26,13,24,60,13,63
2024-06-07 12:30:00 - 2024-06-07 12:35:00,92,57,28,13,23,0,40,39,59,30,50,14,30,23,20,27,56,16,66
2024-06-07 12:35:00 - 2024-06-07 12:40:00,99,59,49,16,25,0,38,49,64,66,99,14,34,16,33,32,52,22,70
2024-06-07 12:40:00 - 2024-06-07 12:45:00,96,60,35,13,29,0,34,39,70,42,73,11,38,16,31,23,70,18,91
2024-06-07 12:45:00 - 2024-06-07 12:50:00,98,60,54,14,29,0,28,57,70,29,51,13,28,22,22,15,67,13,78
2024-06-07 12:50:00 - 2024-06-07 12:55:00,79,51,53,9,37,0,35,57,37,38,63,13,23,22,25,22,69,16,78
2024-06-07 12:55:00 - 2024-06-07 13:00:00,86,57,46,9,18,0,36,49,56,20,39,15,37,19,19,27,54,16,74
2024-06-07 13:00:00 - 2024-06-07 13:05:00,72,45,46,9,15,0,29,58,53,29,50,15,27,31,21,31,52,18,68
2024-06-07 13:05:00 - 2024-06-07 13:10:00,106,65,49,15,15,0,34,53,48,25,35,13,27,21,10,17,57,9,71
2024-06-07 13:10:00 - 2024-06-07 13:15:00,96,59,42,14,20,0,29,50,37,28,33,18,19,24,5,19,56,8,77
2024-06-07 13:15:00 - 2024-06-07 13:20:00,88,56,36,11,20,0,32,40,54,21,34,21,24,17,13,15,42,10,65
2024-06-07 13:20:00 - 2024-06-07 13:25:00,93,57,43,14,21,0,23,44,42,22,37,24,22,15,15,11,47,9,47
2024-06-07 13:25:00 - 2024-06-07 13:30:00,73,44,31,12,14,0,30,33,60,18,36,14,15,13,18,10,60,10,87
2024-06-07 13:30:00 - 2024-06-07 13:35:00,70,47,58,6,21,0,26,55,53,22,37,8,24,15,15,19,56,12,80
2024-06-07 13:35:00 - 2024-06-07 13:40:00,79,47,51,13,14,0,22,57,60,23,34,8,26,25,11,16,49,9,67
2024-06-07 13:40:00 - 2024-06-07 13:45:00,79,49,50,11,17,0,26,59,70,8,20,17,23,28,12,11,68,8,64
2024-06-07 13:45:00 - 2024-06-07 13:50:00,69,45,39,8,18,0,30,46,50,19,29,10,21,22,10,11,54,7,67
2024-06-07 13:50:00 - 2024-06-07 13:55:00,76,49,51,9,20,0,22,48,55,18,31,12,22,13,13,15,41,10,37
2024-06-07 13:55:00 - 2024-06-07 14:00:00,97,57,54,17,12,0,26,58,61,23,29,16,14,23,6,12,48,6,59
2024-06-07 14:00:00 - 2024-06-07 14:05:00,85,46,48,18,16,0,24,52,48,19,27,11,21,21,8,11,61,7,68
2024-06-07 14:05:00 - 2024-06-07 14:10:00,89,52,36,15,17,0,28,48,48,17,33,9,16,27,16,12,57,10,73
2024-06-07 14:10:00 - 2024-06-07 14:15:00,59,36,39,9,14,0,23,44,45,23,36,12,15,19,13,6,45,7,71
2024-06-07 14:15:00 - 2024-06-07 14:20:00,65,41,29,9,16,0,20,33,53,26,30,12,18,15,4,16,48,7,58
2024-06-07 14:20:00 - 2024-06-07 14:25:00,75,42,42,15,18,0,26,51,53,22,31,10,15,26,9,10,54,7,52
2024-06-07 14:25:00 - 2024-06-07 14:30:00,51,31,50,8,14,0,24,53,33,16,28,11,25,20,12,17,53,10,82
2024-06-07 14:30:00 - 2024-06-07 14:35:00,66,43,39,7,14,0,23,39,42,21,31,16,16,12,10,8,34,6,66
2024-06-07 14:35:00 - 2024-06-07 14:40:00,73,40,42,15,15,0,16,38,46,17,27,5,16,8,10,12,50,8,50
2024-06-07 14:40:00 - 2024-06-07 14:45:00,69,38,37,15,22,0,21,37,46,19,29,16,18,12,10,19,52,10,64
2024-06-07 14:45:00 - 2024-06-07 14:50:00,78,44,39,15,19,0,28,38,40,16,23,12,26,11,7,10,41,6,57
2024-06-07 14:50:00 - 2024-06-07 14:55:00,87,53,27,13,26,0,32,38,55,19,25,11,30,23,6,21,48,9,66
2024-06-07 14:55:00 - 2024-06-07 15:00:00,69,42,44,11,21,0,41,43,46,16,30,14,32,13,14,18,43,11,55
2024-06-07 15:00:00 - 2024-06-07 15:05:00,78,45,34,15,31,0,42,36,47,18,28,19,33,13,10,20,62,10,67
2024-06-07 15:05:00 - 2024-06-07 15:10:00,102,60,41,17,32,0,47,52,67,52,73,15,28,28,21,17,73,13,83
2024-06-07 15:10:00 - 2024-06-07 15:15:00,90,57,28,11,41,0,37,30,68,39,62,15,32,11,23,18,61,14,95
2024-06-07 15:15:00 - 2024-06-07 15:20:00,80,50,35,11,20,0,27,34,46,34,45,9,24,10,11,12,55,8,67
2024-06-07 15:20:00 - 2024-06-07 15:25:00,73,44,40,12,20,0,20,34,49,28,31,8,12,5,3,11,63,5,54
2024-06-07 15:25:00 - 2024-06-07 15:30:00,73,43,28,12,20,0,17,27,41,20,29,5,17,7,9,17,47,9,62
2024-06-07 15:30:00 - 2024-06-07 15:35:00,66,40,40,10,16,0,35,36,53,12,23,10,25,8,11,20,38,11,50
2024-06-07 15:35:00 - 2024-06-07 15:40:00,71,48,38,6,7,0,13,37,40,15,27,3,18,11,12,13,61,9,71
2024-06-07 15:40:00 - 2024-06-07 15:45:00,40,24,30,6,7,0,30,34,43,16,26,7,17,15,10,19,51,10,68
2024-06-07 15:45:00 - 2024-06-07 15:50:00,109,65,47,18,12,0,35,45,50,20,30,12,41,13,10,28,53,13,98
2024-06-07 15:50:00 - 2024-06-07 15:55:00,82,45,33,17,10,0,36,36,56,25,45,14,28,14,20,21,56,14,95
2024-06-07 15:55:00 - 2024-06-07 16:00:00,75,46,51,11,10,0,37,51,30,24,33,12,18,16,9,10,58,7,50
2024-06-07 16:00:00 - 2024-06-07 16:05:00,82,48,41,15,12,0,30,43,43,11,19,11,21,16,8,17,59,9,96
2024-06-07 16:05:00 - 2024-06-07 16:10:00,98,57,64,17,13,0,30,61,51,25,34,11,28,17,9,19,65,10,84
2024-06-07 16:10:00 - 2024-06-07 16:15:00,78,45,47,15,10,0,27,44,54,28,32,19,26,11,4,15,62,7,78
2024-06-07 16:15:00 - 2024-06-07 16:20:00,110,63,43,20,12,0,48,39,40,21,26,12,39,9,5,26,60,11,54
2024-06-07 16:20:00 - 2024-06-07 16:25:00,97,56,50,18,18,0,43,48,63,29,40,11,45,14,11,29,72,14,104
2024-06-07 16:25:00 - 2024-06-07 16:30:00,126,72,30,23,18,0,41,29,56,18,37,12,23,8,19,18,59,13,91
2024-06-07 16:30:00 - 2024-06-07 16:35:00,140,82,49,24,12,0,44,51,59,23,33,17,33,19,10,19,62,10,97
2024-06-07 16:35:00 - 2024-06-07 16:40:00,146,87,67,24,20,0,53,66,87,36,47,22,43,20,11,26,87,13,106
2024-06-07 16:40:00 - 2024-06-07 16:45:00,124,73,71,21,6,0,53,67,70,26,44,20,48,18,18,32,82,17,107
2024-06-07 16:45:00 - 2024-06-07 16:50:00,128,72,73,24,16,0,56,69,56,32,43,13,43,19,11,28,80,13,111
2024-06-07 16:50:00 - 2024-06-07 16:55:00,108,63,60,19,18,0,69,59,56,27,37,11,45,18,10,34,84,15,106
2024-06-07 16:55:00 - 2024-06-07 17:00:00,99,57,57,18,7,0,51,54,56,29,40,11,37,15,11,24,70,12,110
2024-06-07 17:00:00 - 2024-06-07 17:05:00,103,62,62,16,13,0,46,55,66,25,34,10,34,11,9,13,43,8,72
2024-06-07 17:05:00 - 2024-06-07 17:10:00,85,51,38,13,10,0,36,39,41,27,39,12,25,14,12,14,50,9,88
2024-06-07 17:10:00 - 2024-06-07 17:15:00,87,54,65,12,8,0,45,69,56,20,31,9,31,27,11,20,77,11,86
2024-06-07 17:15:00 - 2024-06-07 17:20:00,98,52,60,22,10,0,36,58,40,16,24,11,31,17,8,20,60,10,84
2024-06-07 17:20:00 - 2024-06-07 17:25:00,91,54,43,15,15,0,39,45,33,20,33,17,46,17,13,23,58,12,91
2024-06-07 17:25:00 - 2024-06-07 17:30:00,99,60,45,15,14,0,47,51,59,27,38,15,37,23,11,33,71,15,81
2024-06-07 17:30:00 - 2024-06-07 17:35:00,122,70,49,22,20,0,42,46,61,31,59,12,44,12,28,27,56,19,76
2024-06-07 17:35:00 - 2024-06-07 17:40:00,109,63,53,20,23,0,55,55,57,36,62,18,53,20,26,35,87,21,101
2024-06-07 17:40:00 - 2024-06-07 17:45:00,127,71,44,25,21,0,50,51,81,26,41,14,37,23,15,38,86,18,112
2024-06-07 17:45:00 - 2024-06-07 17:50:00,112,66,56,18,17,0,55,60,65,23,33,4,42,23,10,25,84,12,105
2024-06-07 17:50:00 - 2024-06-07 17:55:00,107,65,38,16,15,0,55,42,55,24,37,16,43,18,13,31,73,15,98
2024-06-07 17:55:00 - 2024-06-07 18:00:00,119,66,35,24,16,0,52,33,47,22,36,16,33,9,14,19,49,11,85
2024-06-08 06:00:00 - 2024-06-08 06:05:00,23,16,3,2,1,0,9,3,10,0,2,1,10,0,2,5,4,3,5
2024-06-08 06:05:00 - 2024-06-08 06:10:00,32,18,4,6,1,0,13,3,9,0,1,0,6,0,1,3,8,2,12
2024-06-08 06:10:00 - 2024-06-08 06:15:00,28,18,1,3,6,0,12,2,7,3,4,5,12,1,1,10,2,4,5
2024-06-08 06:15:00 - 2024-06-08 06:20:00,24,15,3,4,6,0,12,4,2,3,3,2,8,2,0,7,4,3,7
2024-06-08 06:20:00 - 2024-06-08 06:25:00,24,16,4,3,6,0,11,4,10,0,0,2,10,1,0,8,10,3,13
2024-06-08 06:25:00 - 2024-06-08 06:30:00,21,15,5,2,9,0,13,5,10,6,7,3,9,1,1,7,11,3,15
2024-06-08 06:30:00 - 2024-06-08 06:35:00,32,21,7,4,6,0,12,6,6,6,8,8,8,1,2,7,6,3,15
2024-06-08 06:35:00 - 2024-06-08 06:40:00,27,19,9,2,6,0,6,9,10,2,5,6,6,3,3,4,10,3,8
2024-06-08 06:40:00 - 2024-06-08 06:45:00,28,19,6,3,8,0,8,7,14,6,7,4,5,3,1,6,12,3,25
2024-06-08 06:45:00 - 2024-06-08 06:50:00,35,21,8,6,6,0,7,6,15,1,2,4,5,0,1,5,8,2,13
2024-06-08 06:50:00 - 2024-06-08 06:55:00,61,39,10,7,21,0,3,9,18,8,11,6,9,2,3,7,15,4,23
2024-06-08 06:55:00 - 2024-06-08 07:00:00,60,39,7,6,15,0,4,10,14,10,15,5,10,6,5,9,12,5,10
2024-06-08 07:00:00 - 2024-06-08 07:05:00,38,25,9,4,13,0,4,12,13,7,9,6,8,7,2,6,10,3,20
2024-06-08 07:05:00 - 2024-06-08 07:10:00,51,34,9,5,13,0,4,12,15,8,11,9,13,7,3,11,16,5,16
2024-06-08 07:10:00 - 2024-06-08 07:15:00,44,30,11,3,23,0,5,12,24,18,23,10,12,5,5,12,14,6,19
2024-06-08 07:15:00 - 2024-06-08 07:20:00,43,30,8,3,19,0,7,9,18,9,14,11,18,4,5,13,25,6,27
2024-06-08 07:20:00 - 2024-06-08 07:25:00,56,38,9,5,27,0,3,11,23,14,20,12,14,5,6,15,25,7,33
2024-06-08 07:25:00 - 2024-06-08 07:30:00,46,33,8,2,22,0,4,10,11,12,17,11,12,5,5,9,21,5,45
2024-06-08 07:30:00 - 2024-06-08 07:35:00,55,39,13,3,23,0,5,18,37,17,21,16,17,10,4,16,22,7,33
2024-06-08 07:35:00 - 2024-06-08 07:40:00,68,47,7,5,20,0,2,11,21,15,24,15,12,7,9,9,27,6,32
2024-06-08 07:40:00 - 2024-06-08 07:45:00,46,32,16,3,32,0,5,17,40,18,22,13,14,6,4,8,24,4,33
2024-06-08 07:45:00 - 2024-06-08 07:50:00,69,43,13,9,11,0,4,15,26,13,20,17,13,7,7,12,23,7,30
2024-06-08 07:50:00 - 2024-06-08 07:55:00,45,30,11,5,19,0,5,11,34,12,18,10,14,3,6,12,21,6,35
2024-06-08 07:55:00 - 2024-06-08 08:00:00,61,38,14,9,24,0,5,16,21,21,25,14,7,7,4,9,33,5,49
2024-06-08 08:00:00 - 2024-06-08 08:05:00,77,48,17,10,22,0,2,18,31,17,27,16,19,7,10,7,29,6,39
2024-06-08 08:05:00 - 2024-06-08 08:10:00,73,50,13,6,27,0,3,13,22,19,25,10,14,4,6,9,25,5,36
2024-06-08 08:10:00 - 2024-06-08 08:15:00,46,33,12,3,24,0,7,15,33,16,25,7,18,8,9,5,34,5,30
2024-06-08 08:15:00 - 2024-06-08 08:20:00,79,54,14,6,20,0,10,17,31,20,25,15,26,8,5,15,32,7,42
2024-06-08 08:20:00 - 2024-06-08 08:25:00,78,45,18,14,24,0,7,18,28,13,18,13,13,5,5,9,27,5,35
2024-06-08 08:25:00 - 2024-06-08 08:30:00,69,46,19,6,25,0,9,17,32,8,15,22,20,3,7,9,28,6,36
2024-06-08 08:30:00 - 2024-06-08 08:35:00,68,47,13,5,31,0,5,17,38,18,24,19,8,9,6,5,42,4,36
2024-06-08 08:35:00 - 2024-06-08 08:40:00,62,40,14,7,24,0,10,18,33,19,24,22,13,9,5,6,38,4,58
2024-06-08 08:40:00 - 2024-06-08 08:45:00,52,35,11,5,12,0,5,12,43,13,21,17,15,4,8,12,28,7,44
2024-06-08 08:45:00 - 2024-06-08 08:50:00,83,60,15,3,29,0,10,16,35,24,30,20,4,6,6,7,32,5,40
2024-06-08 08:50:00 - 2024-06-08 08:55:00,57,37,12,6,27,0,5,15,21,27,36,17,9,7,9,9,45,6,41
2024-06-08 08:55:00 - 2024-06-08 09:00:00,59,41,10,4,20,0,12,12,28,14,21,22,13,5,7,11,24,6,36
2024-06-08 09:00:00 - 2024-06-08 09:05:00,45,30,12,5,28,0,9,16,32,18,23,20,14,9,5,9,26,5,47
2024-06-08 09:05:00 - 2024-06-08 09:10:00,71,48,11,6,13,0,5,14,30,19,25,11,18,7,6,13,30,7,32
2024-06-08 09:10:00 - 2024-06-08 09:15:00,49,31,13,6,13,0,5,15,27,14,20,17,13,7,6,14,35,7,41
2024-06-08 09:15:00 - 2024-06-08 09:20:00,80,50,6,11,17,0,7,9,34,16,23,22,8,6,7,7,22,5,32
2024-06-08 09:20:00 - 2024-06-08 09:25:00,39,26,13,4,16,0,2,17,30,15,24,15,5,9,9,6,29,5,45
2024-06-08 09:25:00 - 2024-06-08 09:30:00,60,39,14,6,18,0,6,15,22,14,19,18,8,6,5,8,23,5,34
2024-06-08 09:30:00 - 2024-06-08 09:35:00,48,31,9,6,18,0,3,15,35,16,21,21,14,10,5,19,42,8,48
2024-06-08 09:35:00 - 2024-06-08 09:40:00,77,51,13,8,23,0,16,16,21,15,23,9,15,8,8,18,25,9,44
2024-06-08 09:40:00 - 2024-06-08 09:45:00,59,40,12,5,22,0,6,15,61,10,20,14,12,8,10,10,25,7,40
2024-06-08 09:45:00 - 2024-06-08 09:50:00,71,49,9,5,16,0,17,15,38,17,26,29,13,10,9,7,39,6,55
2024-06-08 09:50:00 - 2024-06-08 09:55:00,60,39,18,6,20,0,4,19,34,18,29,22,14,7,11,11,43,8,47
2024-06-08 09:55:00 - 2024-06-08 10:00:00,67,42,20,9,18,0,9,24,31,20,30,18,13,11,10,8,41,6,42
2024-06-08 10:00:00 - 2024-06-08 10:05:00,52,30,16,9,24,0,10,19,32,21,34,18,14,9,13,18,28,11,43
2024-06-08 10:05:00 - 2024-06-08 10:10:00,77,48,21,10,30,0,7,25,44,31,36,18,8,12,5,8,40,5,64
2024-06-08 10:10:00 - 2024-06-08 10:15:00,48,30,12,7,36,0,7,15,41,25,38,11,15,8,13,10,75,8,54
2024-06-08 10:15:00 - 2024-06-08 10:20:00,60,39,14,7,22,0,11,18,28,16,35,21,16,10,19,18,47,13,59
2024-06-08 10:20:00 - 2024-06-08 10:25:00,70,42,19,11,26,0,10,25,39,16,25,14,21,14,9,11,36,7,39
2024-06-08 10:25:00 - 2024-06-08 10:30:00,72,42,16,13,19,0,7,20,47,13,22,17,11,10,9,7,39,6,39
2024-06-08 10:30:00 - 2024-06-08 10:35:00,53,33,7,7,22,0,9,14,35,18,21,18,14,11,3,13,50,6,54
2024-06-08 10:35:00 - 2024-06-08 10:40:00,66,44,10,6,9,0,4,17,38,17,22,24,17,12,5,15,42,7,55
2024-06-08 10:40:00 - 2024-06-08 10:45:00,57,33,22,11,19,0,4,24,49,21,33,15,13,9,12,8,39,7,48
2024-06-08 10:45:00 - 2024-06-08 10:50:00,81,51,19,11,12,0,2,21,40,16,20,11,15,8,4,15,38,7,36
2024-06-08 10:50:00 - 2024-06-08 10:55:00,75,44,13,13,14,0,4,18,45,18,28,17,19,10,10,16,44,9,62
2024-06-08 10:55:00 - 2024-06-08 11:00:00,87,55,17,11,25,0,4,20,45,23,33,28,14,9,10,14,38,8,42
2024-06-08 11:00:00 - 2024-06-08 11:05:00,60,33,21,13,2,0,5,23,6,10,18,14,19,9,8,9,36,6,53
2024-06-08 11:05:00 - 2024-06-08 11:10:00,77,48,15,10,0,0,6,21,0,9,19,11,14,12,10,10,41,7,51
2024-06-08 11:10:00 - 2024-06-08 11:15:00,62,39,14,8,0,0,7,21,0,14,21,24,13,14,7,18,46,9,53
2024-06-08 11:15:00 - 2024-06-08 11:20:00,65,40,23,9,0,0,11,27,0,15,25,21,11,12,10,14,40,8,61
2024-06-08 11:20:00 - 2024-06-08 11:25:00,63,41,21,7,0,0,7,22,0,18,26,16,10,8,8,14,36,8,53
2024-06-08 11:25:00 - 2024-06-08 11:30:00,84,57,11,7,10,0,10,19,46,30,41,14,12,14,11,11,59,8,49
2024-06-08 11:30:00 - 2024-06-08 11:35:00,74,46,15,10,22,0,5,18,55,19,24,19,14,9,5,12,40,6,72
2024-06-08 11:35:00 - 2024-06-08 11:40:00,60,39,16,7,18,0,4,18,44,15,20,22,13,7,5,12,36,6,65
2024-06-08 11:40:00 - 2024-06-08 11:45:00,63,42,14,6,22,0,11,16,40,14,29,23,17,7,15,7,39,8,50
2024-06-08 11:45:00 - 2024-06-08 11:50:00,75,48,13,9,22,0,21,18,46,26,37,17,18,11,11,19,55,10,64
2024-06-08 11:50:00 - 2024-06-08 11:55:00,72,39,21,16,23,0,15,27,49,28,36,11,21,15,8,21,44,10,66
2024-06-08 11:55:00 - 2024-06-08 12:00:00,86,56,21,9,17,0,13,27,54,16,27,5,12,14,11,12,42,8,62
2024-06-08 12:00:00 - 2024-06-08 12:05:00,71,44,23,10,19,0,18,25,46,20,27,15,13,10,7,16,45,8,58
2024-06-08 12:05:00 - 2024-06-08 12:10:00,87,56,20,10,11,0,23,27,36,11,19,14,18,16,8,14,53,8,59
2024-06-08 12:10:00 - 2024-06-08 12:15:00,47,30,15,6,19,0,32,24,41,26,38,18,15,16,12,15,50,9,99
2024-06-08 12:15:00 - 2024-06-08 12:20:00,88,63,11,4,24,0,26,18,44,31,42,18,25,12,11,33,45,15,78
2024-06-08 12:20:00 - 2024-06-08 12:25:00,78,44,27,15,26,0,34,32,55,25,48,20,21,15,23,18,36,14,73
2024-06-08 12:25:00 - 2024-06-08 12:30:00,69,45,15,8,25,0,39,24,47,26,46,25,36,17,20,31,78,17,100
2024-06-08 12:30:00 - 2024-06-08 12:35:00,89,60,16,7,27,0,43,27,69,28,46,22,31,19,18,26,51,15,81
2024-06-08 12:35:00 - 2024-06-08 12:40:00,92,54,45,16,26,0,34,46,54,42,67,14,26,16,25,34,58,20,99
2024-06-08 12:40:00 - 2024-06-08 12:45:00,95,59,33,13,21,0,39,39,77,41,62,22,45,19,21,24,56,15,99
2024-06-08 12:45:00 - 2024-06-08 12:50:00,88,57,35,9,31,0,40,39,58,39,56,17,45,16,17,29,78,16,97
2024-06-08 12:50:00 - 2024-06-08 12:55:00,92,58,33,12,19,0,40,36,56,27,55,28,36,15,28,28,68,19,100
2024-06-08 12:55:00 - 2024-06-08 13:00:00,84,55,38,9,18,0,36,37,49,22,38,19,35,11,16,24,68,14,95
2024-06-08 13:00:00 - 2024-06-08 13:05:00,101,66,22,11,30,0,36,26,42,24,36,16,32,12,12,27,57,13,89
2024-06-08 13:05:00 - 2024-06-08 13:10:00,79,51,19,9,23,0,35,25,45,25,34,17,35,14,9,20,60,10,74
2024-06-08 13:10:00 - 2024-06-08 13:15:00,70,45,12,9,14,0,48,13,38,21,31,12,35,5,10,29,52,13,68
2024-06-08 13:15:00 - 2024-06-08 13:20:00,84,55,15,9,16,0,40,17,42,20,34,9,37,7,14,22,47,12,69
2024-06-08 13:20:00 - 2024-06-08 13:25:00,70,46,17,7,10,0,48,21,45,22,33,20,28,10,11,18,60,10,72
2024-06-08 13:25:00 - 2024-06-08 13:30:00,86,53,19,12,12,0,43,21,36,18,27,11,34,8,9,21,54,10,86
2024-06-08 13:30:00 - 2024-06-08 13:35:00,71,43,22,11,8,0,34,27,48,20,33,9,26,13,13,18,52,11,66
2024-06-08 13:35:00 - 2024-06-08 13:40:00,67,45,23,6,16,0,31,30,41,13,23,14,27,16,10,12,49,8,74
2024-06-08 13:40:00 - 2024-06-08 13:45:00,88,56,17,11,17,0,30,25,53,19,26,13,13,16,7,13,56,7,64
2024-06-08 13:45:00 - 2024-06-08 13:50:00,78,51,17,8,12,0,29,24,43,16,24,7,17,15,8,15,56,8,57
2024-06-08 13:50:00 - 2024-06-08 13:55:00,63,39,11,9,18,0,18,17,52,22,30,11,25,11,8,11,41,7,72
2024-06-08 13:55:00 - 2024-06-08 14:00:00,73,46,19,9,6,0,27,21,30,15,26,9,16,9,11,13,40,8,57
2024-06-08 14:00:00 - 2024-06-08 14:05:00,81,51,16,11,17,0,35,19,48,19,23,11,21,9,4,17,36,7,56
2024-06-08 14:05:00 - 2024-06-08 14:10:00,66,45,15,5,6,0,32,26,41,21,35,12,33,19,14,11,62,9,59
2024-06-08 14:10:00 - 2024-06-08 14:15:00,57,36,12,8,10,0,33,18,41,7,21,13,26,12,14,19,41,11,80
2024-06-08 14:15:00 - 2024-06-08 14:20:00,61,42,14,4,9,0,31,21,39,21,28,12,32,13,7,17,43,8,62
2024-06-08 14:20:00 - 2024-06-08 14:25:00,62,41,17,6,6,0,27,24,34,16,23,18,35,14,7,16,47,8,65
2024-06-08 14:25:00 - 2024-06-08 14:30:00,63,43,23,5,14,0,28,25,43,18,31,9,24,10,13,16,41,10,63
2024-06-08 14:30:00 - 2024-06-08 14:35:00,74,47,32,9,20,0,40,32,41,22,30,19,24,10,8,12,38,7,65
2024-06-08 14:35:00 - 2024-06-08 14:40:00,67,40,20,11,14,0,34,28,34,19,27,15,34,17,8,18,44,9,60
2024-06-08 14:40:00 - 2024-06-08 14:45:00,86,54,27,11,16,0,32,26,47,15,26,9,26,7,11,15,50,9,64
2024-06-08 14:45:00 - 2024-06-08 14:50:00,89,58,19,9,19,0,31,22,43,27,30,11,13,10,3,5,42,3,62
2024-06-08 14:50:00 - 2024-06-08 14:55:00,89,60,25,8,13,0,26,28,36,12,17,14,14,12,5,12,49,6,63
2024-06-08 14:55:00 - 2024-06-08 15:00:00,86,54,13,12,24,0,36,15,48,17,27,19,26,6,10,20,46,10,52
2024-06-08 15:00:00 - 2024-06-08 15:05:00,73,48,21,8,20,0,49,24,55,17,37,6,30,11,20,19,56,13,69
2024-06-08 15:05:00 - 2024-06-08 15:10:00,78,45,20,15,20,0,33,26,43,46,72,11,28,14,26,17,68,15,80
2024-06-08 15:10:00 - 2024-06-08 15:15:00,84,54,21,10,23,0,37,26,39,32,44,16,24,13,12,19,62,11,91
2024-06-08 15:15:00 - 2024-06-08 15:20:00,99,62,21,13,16,0,38,28,60,27,44,5,27,16,17,14,56,11,94
2024-06-08 15:20:00 - 2024-06-08 15:25:00,106,69,26,12,20,0,43,30,75,30,53,20,35,13,23,22,92,15,102
2024-06-08 15:25:00 - 2024-06-08 15:30:00,96,65,20,8,19,0,39,23,62,14,34,16,37,10,20,22,74,14,109
2024-06-08 15:30:00 - 2024-06-08 15:35:00,80,51,20,9,24,0,44,34,61,21,30,13,25,25,9,16,62,9,83
2024-06-08 15:35:00 - 2024-06-08 15:40:00,96,65,20,8,14,0,53,22,56,21,30,18,31,9,9,18,48,9,68
2024-06-08 15:40:00 - 2024-06-08 15:45:00,102,63,28,14,23,0,36,33,56,24,34,7,30,16,10,10,54,7,65
2024-06-08 15:45:00 - 2024-06-08 15:50:00,98,68,17,6,24,0,54,24,43,36,47,12,32,14,11,25,49,12,75
2024-06-08 15:50:00 - 2024-06-08 15:55:00,88,55,21,12,14,0,37,26,50,24,40,10,22,13,16,12,48,10,88
2024-06-08 15:55:00 - 2024-06-08 16:00:00,101,60,18,16,12,0,34,24,51,22,34,10,31,14,12,16,64,10,90
2024-06-08 16:00:00 - 2024-06-08 16:05:00,81,48,27,14,10,0,33,32,48,24,33,10,27,15,9,17,55,9,80
2024-06-08 16:05:00 - 2024-06-08 16:10:00,93,63,25,7,11,0,40,29,40,17,29,8,33,13,12,22,46,12,80
2024-06-08 16:10:00 - 2024-06-08 16:15:00,102,62,24,15,11,0,37,27,67,14,21,14,30,11,7,21,43,10,108
2024-06-08 16:15:00 - 2024-06-08 16:20:00,112,74,32,11,17,0,45,34,58,23,41,17,24,13,18,22,69,14,89
2024-06-08 16:20:00 - 2024-06-08 16:25:00,119,71,25,19,10,0,45,28,65,34,39,20,30,12,5,20,69,9,109
2024-06-08 16:25:00 - 2024-06-08 16:30:00,96,58,20,15,12,0,39,25,51,19,28,15,27,13,9,24,53,11,90
2024-06-08 16:30:00 - 2024-06-08 16:35:00,88,53,33,14,11,0,53,32,59,22,36,18,49,9,14,25,64,13,84
2024-06-08 16:35:00 - 2024-06-08 16:40:00,147,93,35,18,14,0,56,36,56,21,36,12,36,12,15,32,69,16,90
2024-06-08 16:40:00 - 2024-06-08 16:45:00,110,66,29,17,6,0,56,35,48,11,20,9,44,17,9,30,76,13,87
2024-06-08 16:45:00 - 2024-06-08 16:50:00,128,79,22,18,19,0,43,27,67,10,21,9,36,14,11,21,68,11,93
2024-06-08 16:50:00 - 2024-06-08 16:55:00,104,64,18,15,19,0,50,27,50,13,28,11,26,17,15,26,68,14,94
2024-06-08 16:55:00 - 2024-06-08 17:00:00,120,70,19,21,11,0,44,26,54,16,22,12,38,15,6,23,50,10,83
2024-06-08 17:00:00 - 2024-06-08 17:05:00,112,68,28,17,13,0,56,33,47,17,29,13,42,15,12,20,58,11,84
2024-06-08 17:05:00 - 2024-06-08 17:10:00,103,60,31,18,13,0,73,38,39,29,39,23,60,19,10,30,60,14,83
2024-06-08 17:10:00 - 2024-06-08 17:15:00,149,93,26,20,28,0,70,30,55,18,29,15,54,14,11,35,52,16,86
2024-06-08 17:15:00 - 2024-06-08 17:20:00,142,90,18,18,14,0,68,27,74,17,26,11,58,17,9,40,44,17,102
2024-06-08 17:20:00 - 2024-06-08 17:25:00,112,60,31,24,17,0,52,31,53,28,32,14,39,10,4,28,72,11,90
2024-06-08 17:25:00 - 2024-06-08 17:30:00,137,81,34,22,19,0,58,41,61,21,29,19,33,20,8,25,56,11,97
2024-06-08 17:30:00 - 2024-06-08 17:35:00,108,66,27,16,16,0,59,36,79,28,46,18,59,21,18,51,59,23,124
2024-06-08 17:35:00 - 2024-06-08 17:40:00,127,73,31,23,27,0,77,38,65,52,73,24,54,19,21,48,83,23,141
2024-06-08 17:40:00 - 2024-06-08 17:45:00,122,66,26,26,27,0,58,36,49,42,65,29,64,21,23,40,75,21,113
2024-06-08 17:45:00 - 2024-06-08 17:50:00,132,73,43,27,15,0,57,44,61,22,35,31,44,15,13,38,98,17,119
2024-06-08 17:50:00 - 2024-06-08 17:55:00,132,75,25,25,14,0,67,34,57,22,36,9,57,20,14,37,65,17,114
2024-06-08 17:55:00 - 2024-06-08 18:00:00,119,75,30,15,23,0,78,34,62,21,49,19,39,15,28,35,74,21,103
2024-06-09 06:00:00 - 2024-06-09 06:05:00,11,7,1,2,1,0,2,1,4,2,3,0,3,0,1,4,4,2,6
2024-06-09 06:05:00 - 2024-06-09 06:10:00,18,9,9,5,0,0,3,7,5,1,2,1,4,0,1,2,6,1,4
2024-06-09 06:10:00 - 2024-06-09 06:15:00,20,13,2,3,1,0,8,3,9,2,3,4,6,1,1,8,8,3,11
2024-06-09 06:15:00 - 2024-06-09 06:20:00,13,9,0,1,0,0,3,1,5,0,0,1,9,1,0,8,1,3,12
2024-06-09 06:20:00 - 2024-06-09 06:25:00,17,12,3,1,4,0,6,3,8,3,3,4,7,0,0,5,13,2,7
2024-06-09 06:25:00 - 2024-06-09 06:30:00,24,17,1,2,0,0,6,1,10,0,2,1,6,0,2,4,11,2,16
2024-06-09 06:30:00 - 2024-06-09 06:35:00,11,8,3,1,4,0,10,3,11,1,1,2,8,1,0,5,6,2,12
2024-06-09 06:35:00 - 2024-06-09 06:40:00,33,23,5,3,3,0,5,5,16,1,2,3,7,1,1,8,14,3,19
2024-06-09 06:40:00 - 2024-06-09 06:45:00,36,23,8,5,7,0,17,9,18,9,10,2,11,3,1,10,16,4,22
2024-06-09 06:45:00 - 2024-06-09 06:50:00,42,30,5,2,8,0,8,6,15,5,8,5,8,2,3,3,10,2,22
2024-06-09 06:50:00 - 2024-06-09 06:55:00,47,33,6,3,12,0,19,8,20,12,13,4,17,4,1,11,12,4,25
2024-06-09 06:55:00 - 2024-06-09 07:00:00,39,27,9,3,11,0,21,11,17,7,8,2,15,5,1,13,18,5,26
2024-06-09 07:00:00 - 2024-06-09 07:05:00,40,28,13,3,6,0,22,11,19,7,11,6,10,1,4,9,20,5,30
2024-06-09 07:05:00 - 2024-06-09 07:10:00,45,32,6,3,2,0,22,7,17,3,5,3,12,3,2,6,13,3,21
2024-06-09 07:10:00 - 2024-06-09 07:15:00,45,30,9,4,10,0,17,8,27,7,9,6,8,1,2,6,13,3,21
2024-06-09 07:15:00 - 2024-06-09 07:20:00,45,32,9,3,7,0,20,10,12,4,10,6,16,4,6,15,25,7,33
2024-06-09 07:20:00 - 2024-06-09 07:25:00,38,25,8,4,13,0,19,9,23,6,10,3,6,3,4,5,14,3,25
2024-06-09 07:25:00 - 2024-06-09 07:30:00,60,39,7,6,17,0,17,9,21,5,13,5,16,4,8,10,13,6,25
2024-06-09 07:30:00 - 2024-06-09 07:35:00,41,27,8,5,21,0,14,11,15,12,19,4,13,6,7,10,16,6,29
2024-06-09 07:35:00 - 2024-06-09 07:40:00,55,39,11,3,23,0,21,9,21,9,16,4,21,1,7,9,15,6,32
2024-06-09 07:40:00 - 2024-06-09 07:45:00,33,21,7,5,26,0,23,11,21,11,24,4,15,7,13,9,21,8,45
2024-06-09 07:45:00 - 2024-06-09 07:50:00,58,38,6,6,14,0,20,9,23,13,22,10,18,5,9,10,26,7,38
2024-06-09 07:50:00 - 2024-06-09 07:55:00,42,27,12,6,19,0,15,15,24,10,18,8,12,7,8,7,23,5,35
2024-06-09 07:55:00 - 2024-06-09 08:00:00,53,38,13,3,15,0,17,19,21,12,19,10,14,12,7,13,20,7,26
2024-06-09 08:00:00 - 2024-06-09 08:05:00,44,28,13,6,10,0,24,12,17,13,15,3,10,3,2,3,16,2,30
2024-06-09 08:05:00 - 2024-06-09 08:10:00,40,24,10,6,5,0,18,12,19,11,20,6,21,5,9,7,16,6,34
2024-06-09 08:10:00 - 2024-06-09 08:15:00,28,21,8,1,2,0,20,12,15,6,11,5,18,7,5,11,13,6,28
2024-06-09 08:15:00 - 2024-06-09 08:20:00,44,30,7,3,5,0,16,6,15,6,7,5,6,0,1,6,13,3,21
2024-06-09 08:20:00 - 2024-06-09 08:25:00,46,25,18,10,5,0,13,15,29,5,11,6,18,2,6,5,21,4,29
2024-06-09 08:25:00 - 2024-06-09 08:30:00,39,27,10,3,4,0,18,10,17,7,14,3,10,3,7,10,21,6,32
2024-06-09 08:30:00 - 2024-06-09 08:35:00,44,29,10,5,9,0,21,12,17,9,11,5,17,6,2,11,11,5,25
2024-06-09 08:35:00 - 2024-06-09 08:40:00,43,30,7,3,5,0,14,6,20,9,16,11,11,0,7,6,22,5,30
2024-06-09 08:40:00 - 2024-06-09 08:45:00,54,37,14,4,5,0,12,14,38,8,8,4,14,4,0,6,31,2,40
2024-06-09 08:45:00 - 2024-06-09 08:50:00,56,37,13,6,7,0,25,13,27,2,11,3,21,4,9,12,22,7,25
2024-06-09 08:50:00 - 2024-06-09 08:55:00,47,24,10,12,1,0,27,10,22,8,15,4,14,3,7,10,23,6,41
2024-06-09 08:55:00 - 2024-06-09 09:00:00,48,36,11,1,6,0,17,12,25,7,9,6,16,5,2,6,26,3,37
2024-06-09 09:00:00 - 2024-06-09 09:05:00,48,28,13,9,11,0,23,15,25,8,17,7,17,6,9,16,17,9,34
2024-06-09 09:05:00 - 2024-06-09 09:10:00,57,34,8,9,4,0,23,12,23,16,20,9,13,8,4,13,18,6,30
2024-06-09 09:10:00 - 2024-06-09 09:15:00,40,26,11,5,5,0,22,12,28,9,12,8,21,5,3,11,26,5,29
2024-06-09 09:15:00 - 2024-06-09 09:20:00,40,25,10,6,6,0,18,12,25,8,12,5,10,6,4,6,34,4,35
2024-06-09 09:20:00 - 2024-06-09 09:25:00,49,32,11,6,8,0,26,12,29,12,21,6,19,4,9,11,30,7,39
2024-06-09 09:25:00 - 2024-06-09 09:30:00,55,34,13,8,6,0,24,19,23,18,24,19,18,12,6,12,21,6,37
2024-06-09 09:30:00 - 2024-06-09 09:35:00,42,24,17,8,11,0,20,17,21,12,18,11,10,5,6,6,39,4,35
2024-06-09 09:35:00 - 2024-06-09 09:40:00,65,42,11,7,5,0,24,14,25,12,21,9,16,7,9,11,19,7,27
2024-06-09 09:40:00 - 2024-06-09 09:45:00,60,33,18,13,13,0,14,25,35,14,21,8,15,15,7,15,37,8,38
2024-06-09 09:45:00 - 2024-06-09 09:50:00,56,39,20,4,22,0,12,22,25,19,27,9,16,9,8,10,29,6,40
2024-06-09 09:50:00 - 2024-06-09 09:55:00,61,41,13,6,26,0,15,18,34,18,22,7,7,10,4,14,41,6,37
2024-06-09 09:55:00 - 2024-06-09 10:00:00,76,51,15,6,21,0,25,22,37,20,27,11,16,14,7,16,41,8,55
2024-06-09 10:00:00 - 2024-06-09 10:05:00,62,43,12,4,30,0,22,17,42,12,20,4,12,10,8,16,28,8,57
2024-06-09 10:05:00 - 2024-06-09 10:10:00,67,47,9,4,22,0,26,10,33,15,27,11,21,4,12,15,38,9,48
2024-06-09 10:10:00 - 2024-06-09 10:15:00,76,47,14,11,31,0,25,18,35,24,35,12,13,9,11,13,42,8,62
2024-06-09 10:15:00 - 2024-06-09 10:20:00,72,45,14,10,22,0,32,15,35,30,42,15,17,5,12,11,35,8,51
2024-06-09 10:20:00 - 2024-06-09 10:25:00,60,39,22,7,21,0,22,23,42,28,46,14,24,8,18,25,35,15,54
2024-06-09 10:25:00 - 2024-06-09 10:30:00,66,44,16,6,22,0,28,20,50,31,39,9,13,10,8,8,52,6,67
2024-06-09 10:30:00 - 2024-06-09 10:35:00,58,35,10,9,7,0,28,17,37,23,32,13,18,12,9,16,57,9,59
2024-06-09 10:35:00 - 2024-06-09 10:40:00,63,38,27,10,9,0,32,29,36,16,30,13,31,11,14,15,30,10,50
2024-06-09 10:40:00 - 2024-06-09 10:45:00,58,31,19,13,7,0,25,33,40,16,22,17,19,24,6,11,33,6,50
2024-06-09 10:45:00 - 2024-06-09 10:50:00,53,33,13,8,4,0,27,16,31,10,15,9,16,8,5,10,39,5,52
2024-06-09 10:50:00 - 2024-06-09 10:55:00,53,35,13,6,11,0,23,21,34,15,23,8,12,14,8,16,41,8,53
2024-06-09 10:55:00 - 2024-06-09 11:00:00,59,39,13,6,10,0,28,16,22,10,16,7,23,8,6,17,29,8,51
2024-06-09 11:00:00 - 2024-06-09 11:05:00,43,30,14,3,13,0,25,18,36,22,35,13,19,9,13,8,30,7,48
2024-06-09 11:05:00 - 2024-06-09 11:10:00,59,39,10,6,8,0,21,14,31,14,24,10,21,8,10,10,39,7,48
2024-06-09 11:10:00 - 2024-06-09 11:15:00,42,27,16,6,6,0,22,20,34,7,9,14,12,10,2,9,32,4,44
2024-06-09 11:15:00 - 2024-06-09 11:20:00,43,28,14,5,10,0,27,22,21,10,17,7,15,15,7,9,38,6,60
2024-06-09 11:20:00 - 2024-06-09 11:25:00,46,28,13,7,4,0,18,20,26,16,19,12,11,13,3,8,24,4,36
2024-06-09 11:25:00 - 2024-06-09 11:30:00,60,41,16,5,7,0,18,17,41,9,19,7,12,6,10,8,22,6,44
2024-06-09 11:30:00 - 2024-06-09 11:35:00,53,33,14,7,7,0,24,15,35,13,22,3,11,6,9,6,45,5,57
2024-06-09 11:35:00 - 2024-06-09 11:40:00,85,60,16,5,10,0,24,15,42,11,19,10,16,4,8,8,37,6,62
2024-06-09 11:40:00 - 2024-06-09 11:45:00,76,47,14,11,13,0,29,20,43,9,19,6,20,12,10,15,32,9,52
2024-06-09 11:45:00 - 2024-06-09 11:50:00,61,41,22,6,12,0,24,23,18,17,26,6,27,8,9,16,30,9,69
2024-06-09 11:50:00 - 2024-06-09 11:55:00,54,36,10,6,14,0,20,16,40,16,23,6,27,11,7,15,34,8,64
2024-06-09 11:55:00 - 2024-06-09 12:00:00,61,42,10,4,9,0,20,12,40,11,14,0,13,5,3,12,33,5,56
2024-06-09 12:00:00 - 2024-06-09 12:05:00,57,36,32,7,12,0,22,33,32,12,21,3,14,12,9,9,34,6,51
2024-06-09 12:05:00 - 2024-06-09 12:10:00,76,46,16,12,17,0,27,25,30,15,33,10,16,17,18,11,50,10,56
2024-06-09 12:10:00 - 2024-06-09 12:15:00,55,37,14,5,17,0,23,18,42,18,34,10,11,9,16,13,46,10,72
2024-06-09 12:15:00 - 2024-06-09 12:20:00,79,51,10,9,15,0,31,14,36,19,34,20,24,8,15,13,38,10,65
2024-06-09 12:20:00 - 2024-06-09 12:25:00,69,43,15,9,26,0,28,19,37,27,38,12,17,10,11,9,33,7,68
2024-06-09 12:25:00 - 2024-06-09 12:30:00,76,47,12,11,23,0,25,20,42,16,28,7,17,14,12,16,47,10,70
2024-06-09 12:30:00 - 2024-06-09 12:35:00,94,56,21,15,31,0,28,24,44,25,39,10,16,11,14,10,52,8,66
2024-06-09 12:35:00 - 2024-06-09 12:40:00,77,45,16,13,32,0,40,20,64,43,71,8,18,10,28,13,56,14,77
2024-06-09 12:40:00 - 2024-06-09 12:45:00,69,44,28,9,24,0,39,28,45,42,64,11,29,9,22,20,53,14,85
2024-06-09 12:45:00 - 2024-06-09 12:50:00,82,53,16,9,23,0,37,20,58,38,54,11,28,10,16,17,66,11,80
2024-06-09 12:50:00 - 2024-06-09 12:55:00,61,36,19,11,16,0,26,27,52,22,34,12,22,17,12,20,66,11,110
2024-06-09 12:55:00 - 2024-06-09 13:00:00,81,49,28,12,17,0,23,33,36,20,28,16,19,15,8,14,67,8,96
2024-06-09 13:00:00 - 2024-06-09 13:05:00,75,47,23,10,11,0,26,23,41,12,27,9,25,7,15,21,48,12,62
2024-06-09 13:05:00 - 2024-06-09 13:10:00,67,44,22,7,14,0,38,24,33,18,24,11,24,9,6,14,60,7,71
2024-06-09 13:10:00 - 2024-06-09 13:15:00,68,42,17,10,8,0,29,22,30,13,22,8,22,12,9,18,47,9,79
2024-06-09 13:15:00 - 2024-06-09 13:20:00,74,48,18,9,10,0,19,24,46,10,22,11,19,13,12,20,52,11,75
2024-06-09 13:20:00 - 2024-06-09 13:25:00,47,32,22,4,6,0,24,30,37,12,26,16,29,18,14,18,46,11,83
2024-06-09 13:25:00 - 2024-06-09 13:30:00,67,47,18,4,19,0,37,23,34,16,28,10,24,12,12,11,52,8,73
2024-06-09 13:30:00 - 2024-06-09 13:35:00,74,51,19,6,14,0,35,25,39,23,34,11,26,14,11,13,46,8,81
2024-06-09 13:35:00 - 2024-06-09 13:40:00,70,42,13,11,15,0,28,24,30,21,34,13,25,18,13,14,45,9,60
2024-06-09 13:40:00 - 2024-06-09 13:45:00,67,45,21,6,12,0,35,24,35,15,23,15,24,11,8,17,55,9,65
2024-06-09 13:45:00 - 2024-06-09 13:50:00,74,42,20,15,13,0,24,21,41,19,31,10,21,7,12,16,44,10,60
2024-06-09 13:50:00 - 2024-06-09 13:55:00,67,40,19,11,11,0,34,21,34,21,35,18,21,9,14,22,37,12,59
2024-06-09 13:55:00 - 2024-06-09 14:00:00,77,48,19,11,9,0,27,19,49,9,13,13,23,6,4,15,32,7,58
2024-06-09 14:00:00 - 2024-06-09 14:05:00,89,51,25,16,8,0,36,24,47,17,24,6,25,7,7,15,46,8,63
2024-06-09 14:05:00 - 2024-06-09 14:10:00,61,37,14,9,13,0,22,18,32,17,24,12,20,10,7,11,54,6,73
2024-06-09 14:10:00 - 2024-06-09 14:15:00,69,47,12,6,14,0,18,19,29,13,21,13,21,13,8,17,36,9,60
2024-06-09 14:15:00 - 2024-06-09 14:20:00,71,45,12,9,11,0,33,16,45,14,27,11,29,9,13,16,36,10,66
2024-06-09 14:20:00 - 2024-06-09 14:25:00,75,50,19,7,10,0,34,19,35,17,24,4,24,6,7,18,52,9,55
2024-06-09 14:25:00 - 2024-06-09 14:30:00,42,27,17,6,13,0,28,20,29,24,38,7,20,9,14,12,52,9,71
2024-06-09 14:30:00 - 2024-06-09 14:35:00,77,52,5,6,12,0,30,8,30,14,25,9,23,5,11,20,41,11,60
2024-06-09 14:35:00 - 2024-06-09 14:40:00,82,57,14,5,18,0,28,15,55,20,28,12,28,6,8,17,39,9,68
2024-06-09 14:40:00 - 2024-06-09 14:45:00,72,47,14,8,14,0,34,18,36,21,38,10,29,9,17,13,48,10,66
2024-06-09 14:45:00 - 2024-06-09 14:50:00,85,56,10,9,23,0,22,23,51,14,23,8,15,20,9,12,51,7,72
2024-06-09 14:50:00 - 2024-06-09 14:55:00,71,47,22,7,17,0,37,29,40,22,36,9,28,16,14,18,51,11,67
2024-06-09 14:55:00 - 2024-06-09 15:00:00,78,51,9,9,14,0,36,15,44,18,31,7,25,11,13,14,46,9,70
2024-06-09 15:00:00 - 2024-06-09 15:05:00,81,54,18,7,19,0,34,30,32,20,38,10,24,21,18,15,43,11,54
2024-06-09 15:05:00 - 2024-06-09 15:10:00,87,55,14,11,27,0,37,20,54,44,62,11,23,12,18,13,50,11,80
2024-06-09 15:10:00 - 2024-06-09 15:15:00,61,39,19,7,22,0,30,22,59,38,53,8,23,10,15,13,53,10,84
2024-06-09 15:15:00 - 2024-06-09 15:20:00,70,45,15,8,21,0,33,21,47,28,52,12,30,12,24,20,49,15,95
2024-06-09 15:20:00 - 2024-06-09 15:25:00,89,54,15,14,16,0,37,18,43,19,26,14,25,8,7,8,57,5,84
2024-06-09 15:25:00 - 2024-06-09 15:30:00,67,40,12,11,21,0,34,15,37,29,42,9,22,8,13,12,57,9,77
2024-06-09 15:30:00 - 2024-06-09 15:35:00,58,35,10,9,8,0,46,16,40,22,32,7,23,11,10,22,42,11,78
2024-06-09 15:35:00 - 2024-06-09 15:40:00,63,40,10,8,5,0,45,24,40,17,29,7,21,21,12,16,61,10,81
2024-06-09 15:40:00 - 2024-06-09 15:45:00,56,33,10,9,8,0,32,16,36,10,16,8,28,11,6,22,55,10,66
2024-06-09 15:45:00 - 2024-06-09 15:50:00,87,54,27,12,14,0,48,32,49,19,22,18,40,15,3,20,49,8,86
2024-06-09 15:50:00 - 2024-06-09 15:55:00,85,54,14,10,15,0,30,17,44,21,37,8,18,8,16,7,35,8,76
2024-06-09 15:55:00 - 2024-06-09 16:00:00,74,51,20,6,7,0,37,25,43,21,29,8,29,13,8,21,49,10,73
2024-06-09 16:00:00 - 2024-06-09 16:05:00,86,53,20,12,9,0,33,23,46,17,27,14,23,10,10,11,54,7,78
2024-06-09 16:05:00 - 2024-06-09 16:10:00,91,55,20,14,11,0,21,27,34,14,16,7,16,15,2,17,48,7,82
2024-06-09 16:10:00 - 2024-06-09 16:15:00,68,43,22,9,13,0,36,25,35,12,24,6,26,11,12,24,43,12,68
2024-06-09 16:15:00 - 2024-06-09 16:20:00,80,48,21,13,11,0,39,22,51,14,21,9,25,8,7,17,40,8,77
2024-06-09 16:20:00 - 2024-06-09 16:25:00,89,57,31,10,13,0,28,31,37,14,24,7,28,10,10,14,74,8,80
2024-06-09 16:25:00 - 2024-06-09 16:30:00,80,46,18,15,10,0,41,23,30,17,26,7,27,12,9,19,38,10,74
2024-06-09 16:30:00 - 2024-06-09 16:35:00,98,61,12,13,15,0,43,15,32,13,19,11,45,8,6,33,29,13,62
2024-06-09 16:35:00 - 2024-06-09 16:40:00,111,62,25,22,13,0,57,23,52,16,27,18,44,5,11,29,54,14,76
2024-06-09 16:40:00 - 2024-06-09 16:45:00,93,56,20,15,14,0,52,24,43,17,36,12,41,11,19,28,49,16,112
2024-06-09 16:45:00 - 2024-06-09 16:50:00,85,56,16,9,15,0,46,23,40,26,36,8,33,14,10,35,35,15,85
2024-06-09 16:50:00 - 2024-06-09 16:55:00,105,70,16,9,13,0,54,16,48,10,20,12,54,5,10,27,51,13,83
2024-06-09 16:55:00 - 2024-06-09 17:00:00,98,61,26,13,16,0,64,32,48,16,27,10,44,16,11,29,59,14,103
2024-06-09 17:00:00 - 2024-06-09 17:05:00,97,58,17,15,16,0,46,21,33,16,25,24,30,11,9,25,54,12,63
2024-06-09 17:05:00 - 2024-06-09 17:10:00,86,54,19,12,14,0,52,27,53,19,35,11,52,16,16,32,48,16,79
2024-06-09 17:10:00 - 2024-06-09 17:15:00,113,71,14,15,15,0,52,21,48,13,25,21,48,14,12,22,50,12,97
2024-06-09 17:15:00 - 2024-06-09 17:20:00,112,66,25,19,20,0,53,27,60,20,37,14,48,10,17,31,65,16,83
2024-06-09 17:20:00 - 2024-06-09 17:25:00,103,56,19,22,22,0,66,24,42,21,34,8,53,12,13,27,61,14,101
2024-06-09 17:25:00 - 2024-06-09 17:30:00,119,71,26,19,15,0,54,35,48,8,18,10,41,20,10,41,49,17,90
2024-06-09 17:30:00 - 2024-06-09 17:35:00,120,75,22,15,20,0,79,24,56,19,40,14,50,10,21,31,55,18,107
2024-06-09 17:35:00 - 2024-06-09 17:40:00,102,57,29,20,17,0,67,30,70,33,68,30,70,11,35,39,97,25,139
2024-06-09 17:40:00 - 2024-06-09 17:45:00,108,63,28,18,22,0,68,30,53,33,49,13,48,11,16,35,86,17,115
2024-06-09 17:45:00 - 2024-06-09 17:50:00,141,88,21,18,16,0,86,32,60,30,51,30,66,21,21,42,66,21,122
2024-06-09 17:50:00 - 2024-06-09 17:55:00,144,84,26,24,23,0,61,32,52,23,32,17,58,16,9,32,76,14,120
2024-06-09 17:55:00 - 2024-06-09 18:00:00,125,72,28,22,22,0,65,33,52,22,34,9,54,15,12,36,81,16,112
